StudentID,Name,StudyHours,Attendance,SleepHours,ScreenTime,ParentalInvolvement,Tutoring,Extracurricular,StressLevel,PreTestScore,FinalScore
STU1000,Lucas Martin,23.9,89.3,7.5,9.7,Low,No,Yes,4,48.6,79.6
STU1001,Amelia Lopez,23.6,60.0,9.5,23.5,Medium,No,No,10,42.8,70.5
STU1002,Mia Thomas,7.4,63.6,7.6,16.5,High,No,Yes,7,50.2,62.2
STU1003,Jack Ramirez,12.1,64.9,7.0,6.0,High,No,Yes,2,65.5,75.7
STU1004,Emma Martinez,15.1,61.3,8.7,18.5,Medium,Yes,Yes,8,74.2,81.7
STU1005,Olivia Thomas,19.2,81.6,7.4,34.0,Medium,No,No,1,40.9,71.4
STU1006,Henry White,11.1,71.7,4.6,11.0,High,Yes,Yes,10,61.5,68.8
STU1007,Logan Thompson,9.2,73.0,8.1,24.1,High,No,No,3,85.6,83.6
STU1008,Isabella Thompson,19.7,79.8,7.1,17.8,Low,No,No,7,68.5,82.7
STU1009,James Thompson,15.9,81.6,5.5,33.3,Medium,No,Yes,10,88.5,82.9
STU1010,Sophia Lee,22.0,92.1,5.4,31.8,Medium,Yes,Yes,7,94.4,98.1
STU1011,Sophia Martin,10.1,72.2,5.3,21.0,Medium,No,No,8,96.6,75.9
STU1012,Emma White,18.2,74.5,9.4,33.9,Medium,No,No,1,99.9,92.6
STU1013,Noah Smith,7.5,65.8,6.9,34.6,Medium,No,Yes,1,83.7,74.4
STU1014,Amelia Jones,16.5,85.3,7.2,7.7,High,No,No,3,75.5,83.8
STU1015,Lucas Martin,23.6,75.9,7.1,30.1,Medium,Yes,No,10,55.5,78.9
STU1016,Mia Thomas,20.8,82.2,7.1,12.3,Low,Yes,Yes,7,60.3,85.1
STU1017,Oliver Martin,22.4,91.2,7.7,7.5,Low,Yes,Yes,3,62.3,87.6
STU1018,Sophia Williams,24.4,71.4,6.0,19.6,Medium,Yes,No,4,54.2,83.0
STU1019,William Miller,18.6,72.3,7.2,20.3,Medium,No,Yes,6,63.6,75.6
STU1020,Emma Davis,16.5,91.8,7.0,22.3,Medium,No,Yes,3,74.3,85.3
STU1021,Daniel Lee,22.3,89.9,9.3,14.9,Medium,No,Yes,4,57.7,86.8
STU1022,Olivia Thompson,8.2,79.4,6.4,16.8,High,Yes,No,2,76.9,83.8
STU1023,Jackson Davis,18.0,88.1,6.3,13.8,High,Yes,Yes,10,40.3,75.4
STU1024,Elijah Gonzalez,6.5,62.8,6.5,6.5,High,No,Yes,7,80.3,72.0
STU1025,Harper Lewis,21.3,94.4,5.8,6.2,Medium,No,No,8,86.2,90.7
STU1026,Michael Lopez,16.3,63.4,4.8,20.9,Medium,No,Yes,2,71.0,77.5
STU1027,Sebastian Ramirez,19.1,70.0,5.4,7.4,Medium,No,No,10,49.4,67.2
STU1028,Liam Robinson,4.2,67.3,9.2,24.1,Medium,No,No,7,42.9,54.3
STU1029,Emma Harris,9.9,63.7,5.0,14.3,High,No,No,10,69.5,68.4
STU1030,Lucas Brown,6.0,77.4,6.5,23.5,Medium,No,No,10,96.0,83.6
STU1031,Ethan Brown,16.2,97.8,9.2,31.0,Medium,Yes,Yes,3,78.6,93.3
STU1032,Noah Lewis,14.5,97.7,6.4,33.8,High,No,No,2,42.3,68.9
STU1033,Isabella Davis,10.9,87.3,6.2,12.8,Medium,No,No,8,84.1,82.8
STU1034,Olivia Lewis,8.5,67.1,8.3,29.2,High,No,No,7,74.8,73.3
STU1035,Michael Taylor,17.6,89.6,5.7,16.3,Medium,No,No,3,63.4,82.1
STU1036,Michael Lewis,22.8,63.7,6.1,33.5,High,No,Yes,5,45.5,74.0
STU1037,Olivia Brown,23.8,91.3,5.1,32.9,High,Yes,No,3,93.3,100.0
STU1038,Mason Hernandez,4.7,65.7,8.3,23.5,Low,No,Yes,10,63.8,58.1
STU1039,William Thomas,21.9,95.2,5.7,32.2,Medium,No,Yes,3,86.6,92.7
STU1040,Emma Miller,11.8,96.3,5.1,19.8,Low,No,No,8,47.1,67.9
STU1041,Ethan Ramirez,24.1,75.0,5.9,31.1,Medium,Yes,No,5,42.6,76.4
STU1042,Olivia Hernandez,23.1,70.1,8.0,7.3,Low,No,No,1,77.7,89.6
STU1043,Sophia Hernandez,8.5,98.0,9.0,18.7,Medium,No,No,10,63.3,75.1
STU1044,Mia Moore,8.1,74.4,5.8,18.6,Low,No,No,3,89.4,73.2
STU1045,Amelia Robinson,21.9,61.8,4.6,16.3,High,Yes,No,5,85.0,92.2
STU1046,Sophia Perez,21.1,82.8,4.8,6.1,Low,No,No,1,72.1,84.1
STU1047,Charlotte Jones,18.7,90.3,6.4,12.2,Medium,No,No,4,53.7,78.4
STU1048,Jackson Davis,16.2,74.3,5.1,25.1,Medium,Yes,Yes,1,73.1,84.6
STU1049,Sophia Taylor,5.1,61.2,8.3,23.6,High,No,No,2,61.0,66.7
STU1050,Liam Moore,11.0,77.5,9.0,15.4,Medium,Yes,No,7,71.4,82.2
STU1051,Alexander White,21.4,90.8,4.8,6.4,Medium,No,No,3,72.2,88.1
STU1052,Charlotte Thompson,15.4,76.0,8.0,10.4,Medium,No,Yes,2,76.1,85.7
STU1053,Levi Ramirez,10.0,61.3,7.2,21.0,Medium,Yes,No,10,81.4,73.9
STU1054,Henry Sanchez,20.4,85.1,4.9,31.2,High,No,No,1,45.1,74.6
STU1055,Jacob White,13.1,84.7,6.3,18.9,High,No,No,7,81.2,82.3
STU1056,Charlotte Wilson,19.2,61.2,8.8,15.6,Medium,No,Yes,10,73.8,76.3
STU1057,Ethan Martin,12.9,74.2,7.7,19.4,Medium,Yes,Yes,8,65.9,77.8
STU1058,Sebastian Martinez,8.5,74.5,7.7,22.1,Medium,Yes,Yes,1,40.5,65.6
STU1059,Logan Brown,21.6,63.5,8.5,6.7,High,No,No,5,98.9,93.0
STU1060,Benjamin Johnson,15.2,96.7,4.5,34.3,Medium,Yes,Yes,2,73.4,81.1
STU1061,Michael Jones,6.3,72.9,6.6,20.2,Medium,No,Yes,6,74.9,72.3
STU1062,Mason Brown,9.4,83.8,6.3,18.6,Medium,No,No,8,88.6,81.2
STU1063,Jackson Rodriguez,15.7,78.9,6.6,15.5,High,Yes,Yes,5,83.9,87.7
STU1064,Henry Johnson,6.2,62.7,8.2,22.2,High,No,Yes,3,49.9,65.2
STU1065,Isabella Robinson,10.3,95.1,6.5,29.5,Medium,No,No,6,72.4,78.8
STU1066,Jacob Smith,7.3,96.0,6.4,21.3,High,No,No,6,60.0,74.4
STU1067,Jack Anderson,22.2,79.8,8.2,22.2,High,Yes,Yes,7,48.6,84.8
STU1068,Elijah Perez,18.4,79.8,8.3,8.1,Medium,No,No,4,63.8,80.8
STU1069,Jacob Brown,18.6,88.8,7.7,25.8,Medium,No,No,10,60.6,78.2
STU1070,Benjamin Davis,11.7,71.5,7.6,32.4,Low,No,No,8,92.3,77.8
STU1071,Elijah Jones,23.2,88.3,5.3,22.3,Medium,No,Yes,8,90.4,93.5
STU1072,Mason Thompson,4.8,69.4,5.3,10.6,High,No,No,3,75.5,70.0
STU1073,Henry Martinez,20.5,60.2,6.2,16.9,Medium,Yes,No,2,68.9,81.3
STU1074,Ava Taylor,15.5,61.3,9.1,12.4,Medium,No,No,1,61.7,80.0
STU1075,Mia Moore,17.3,67.1,9.3,9.5,Medium,No,Yes,1,58.0,81.4
STU1076,Ethan Robinson,19.2,68.4,9.0,11.2,Low,No,No,8,75.2,82.9
STU1077,Levi Johnson,14.3,79.2,7.0,28.0,Low,No,No,3,62.4,70.1
STU1078,Alexander Jackson,16.8,76.3,4.6,9.7,High,No,No,7,55.2,72.6
STU1079,William Perez,9.8,82.8,8.9,21.7,High,Yes,Yes,8,88.4,85.4
STU1080,Logan Brown,23.7,65.6,6.5,14.7,Low,No,Yes,5,41.6,70.7
STU1081,Mia Moore,22.5,92.7,6.2,12.8,Medium,No,No,5,60.7,80.9
STU1082,Harper Rodriguez,12.0,71.8,9.2,27.9,Low,Yes,No,7,88.0,81.8
STU1083,Daniel Rodriguez,14.5,85.3,5.8,9.2,High,Yes,Yes,2,56.3,81.3
STU1084,Mason Garcia,23.0,64.7,7.4,13.2,Medium,No,Yes,7,46.4,72.4
STU1085,Benjamin Clark,15.7,84.0,7.8,10.3,High,No,No,10,65.3,78.2
STU1086,Liam Ramirez,24.0,67.4,5.0,28.1,Low,Yes,No,4,83.1,87.3
STU1087,Liam Thompson,17.3,97.5,8.2,11.4,Low,No,Yes,1,69.8,83.4
STU1088,Ethan Hernandez,9.7,90.8,5.0,7.3,High,No,Yes,10,67.6,77.5
STU1089,Jackson Lewis,20.2,87.6,7.1,7.6,High,Yes,Yes,1,79.5,96.3
STU1090,Emma Thomas,21.5,70.0,6.9,11.6,High,Yes,No,10,75.3,82.8
STU1091,Jacob Lee,18.8,67.7,5.1,17.7,High,Yes,No,3,59.1,77.9
STU1092,Alexander Miller,2.9,83.9,5.7,8.6,Low,No,No,7,64.3,66.8
STU1093,Elijah Lewis,17.2,89.5,7.1,17.8,High,No,No,2,41.3,75.6
STU1094,Charlotte Gonzalez,14.2,97.6,8.5,34.9,Medium,Yes,No,5,68.8,81.0
STU1095,Sophia Martinez,4.1,73.5,7.1,27.0,Low,No,No,2,57.8,62.7
STU1096,Harper Jones,3.0,60.7,9.4,17.8,Medium,No,No,10,87.9,72.3
STU1097,Lucas White,22.3,84.0,9.0,34.7,High,No,No,6,76.5,86.1
STU1098,Ethan Wilson,7.3,67.1,5.6,10.6,High,No,No,7,93.0,77.1
STU1099,Levi Moore,18.0,66.2,8.6,11.7,Medium,No,Yes,5,45.5,69.1
STU1100,Henry White,8.1,65.2,8.9,33.7,High,Yes,Yes,5,84.1,79.1
STU1101,Benjamin Davis,18.0,62.0,7.2,33.9,Low,Yes,Yes,2,69.7,76.6
STU1102,Harper Lewis,22.8,82.9,7.8,21.3,High,Yes,Yes,8,54.7,84.6
STU1103,Ethan Hernandez,7.5,97.2,5.0,26.0,Low,Yes,Yes,9,41.8,62.4
STU1104,Charlotte Martinez,5.0,73.4,8.2,9.8,High,Yes,Yes,7,51.6,68.9
STU1105,Henry Taylor,4.7,75.1,4.5,29.6,Low,No,No,9,97.8,69.8
STU1106,Mia Ramirez,6.1,90.1,8.4,10.2,High,Yes,No,6,82.5,84.2
STU1107,Amelia Clark,21.6,99.6,7.9,18.4,Medium,No,No,1,59.4,87.0
STU1108,Jacob Jackson,7.8,60.0,5.3,19.1,High,No,Yes,7,89.6,76.8
STU1109,Jacob Wilson,7.3,65.3,8.8,33.9,Low,Yes,Yes,5,78.3,73.1
STU1110,Benjamin Jackson,8.3,99.4,6.5,31.8,Medium,No,No,9,82.9,75.7
STU1111,Ava Davis,5.7,68.1,5.0,9.6,Medium,No,No,5,94.7,81.5
STU1112,Isabella Williams,6.3,78.5,4.5,22.9,Medium,No,Yes,9,49.6,55.8
STU1113,Liam White,12.0,99.4,5.2,18.9,Medium,No,Yes,6,57.5,76.6
STU1114,Ethan Harris,21.8,91.2,4.7,19.4,Low,No,Yes,6,77.1,86.1
STU1115,Levi Ramirez,3.7,81.4,8.9,7.5,High,No,No,6,74.1,79.8
STU1116,Daniel Sanchez,20.4,68.0,5.3,8.1,Medium,Yes,No,6,77.0,81.4
STU1117,Michael Davis,23.8,85.0,8.4,23.4,Medium,No,Yes,6,89.0,97.3
STU1118,Isabella Williams,2.9,66.6,6.7,26.7,Medium,No,No,3,53.2,59.4
STU1119,Charlotte Jackson,5.7,60.8,7.8,15.0,Medium,No,No,3,80.8,71.0
STU1120,Evelyn Perez,2.7,70.3,6.8,31.0,High,Yes,No,4,84.1,75.4
STU1121,Levi Taylor,13.8,83.5,4.6,16.9,Medium,No,Yes,7,56.6,74.0
STU1122,Sebastian Sanchez,23.0,68.4,7.6,23.9,High,No,Yes,7,78.0,87.6
STU1123,James Jones,3.6,77.5,5.0,17.2,Medium,No,Yes,7,49.8,53.4
STU1124,Ava Harris,24.3,70.3,7.8,14.8,High,No,Yes,10,44.4,76.0
STU1125,Alexander Lopez,21.1,77.2,5.7,23.5,High,No,No,9,76.3,80.2
STU1126,Jacob Jones,14.3,91.3,8.0,18.4,High,No,Yes,4,56.2,79.8
STU1127,Jack Sanchez,2.9,64.9,6.8,33.0,Medium,No,No,10,63.8,56.5
STU1128,Levi White,17.8,60.7,6.1,34.2,Medium,No,Yes,7,80.0,79.3
STU1129,Alexander Ramirez,17.5,98.8,5.0,25.2,Medium,Yes,No,2,79.7,87.9
STU1130,Charlotte Sanchez,10.6,60.7,5.7,29.9,High,Yes,No,9,81.4,72.7
STU1131,Logan Wilson,11.1,86.0,5.0,24.7,High,No,Yes,9,99.6,87.3
STU1132,Ethan Rodriguez,4.1,71.5,5.0,24.5,High,Yes,No,2,85.7,76.3
STU1133,Mason Smith,4.8,81.8,4.5,14.7,Medium,No,Yes,9,75.8,72.3
STU1134,Jackson Williams,7.2,62.9,7.5,25.0,Medium,No,No,10,97.1,75.7
STU1135,Jacob Lopez,13.0,75.8,7.2,27.4,High,No,Yes,7,93.8,83.2
STU1136,Olivia Ramirez,24.0,86.2,6.4,10.9,Medium,No,No,4,55.4,80.0
STU1137,Jacob Ramirez,14.4,72.5,7.6,26.5,Medium,No,No,7,80.9,76.4
STU1138,Alexander Miller,14.1,88.4,5.0,22.0,Medium,Yes,No,7,88.9,87.6
STU1139,Jacob Clark,2.1,85.5,7.1,22.8,High,No,No,9,90.4,71.5
STU1140,William White,10.1,69.5,8.4,13.2,High,No,Yes,2,86.0,83.8
STU1141,James Anderson,7.4,94.8,6.9,21.1,Low,No,No,7,72.8,70.8
STU1142,Alexander Rodriguez,11.0,83.8,7.0,34.6,Low,No,No,6,66.7,72.5
STU1143,Elijah Sanchez,9.8,96.2,8.4,12.9,Medium,No,No,1,53.6,74.5
STU1144,Henry Miller,3.6,80.8,4.8,29.0,Medium,No,Yes,2,80.8,71.1
STU1145,Emma Garcia,3.2,75.1,6.3,34.9,Medium,No,Yes,10,97.5,70.4
STU1146,Ethan Lewis,17.9,68.0,7.2,7.9,Medium,Yes,No,8,87.7,85.7
STU1147,James Martin,23.3,81.6,8.7,20.6,Medium,No,Yes,1,76.5,91.6
STU1148,Michael Garcia,5.7,62.5,5.1,11.8,Medium,No,No,9,73.2,62.5
STU1149,Charlotte Sanchez,15.8,80.6,9.1,19.9,High,Yes,No,1,47.0,76.3
STU1150,Levi Gonzalez,10.8,95.1,8.8,29.2,High,No,No,5,41.4,69.3
STU1151,Daniel Martin,15.2,97.3,7.4,19.4,Medium,No,No,6,89.8,88.7
STU1152,Jack Williams,23.9,93.0,7.8,8.7,Medium,No,No,4,66.4,90.4
STU1153,Evelyn Hernandez,16.3,86.0,5.3,6.8,High,No,No,2,43.5,71.7
STU1154,Amelia Anderson,24.6,69.6,5.2,8.6,Medium,No,Yes,1,70.6,82.3
STU1155,Jack Brown,14.1,77.0,5.2,31.6,Medium,No,No,6,89.7,82.1
STU1156,James Lewis,19.7,60.4,6.6,19.4,Low,No,Yes,10,51.4,63.1
STU1157,Isabella Moore,16.5,68.0,4.8,6.3,Medium,No,Yes,5,90.7,86.6
STU1158,Charlotte Lee,13.2,66.0,6.1,27.1,Medium,No,No,6,63.5,69.0
STU1159,Henry Smith,20.6,63.1,5.9,32.9,Medium,Yes,Yes,7,79.6,81.4
STU1160,Ava Perez,16.6,84.6,4.8,20.6,Low,Yes,Yes,5,42.9,72.4
STU1161,Oliver White,2.8,80.3,6.4,18.9,High,Yes,Yes,3,51.1,69.0
STU1162,Mason Sanchez,4.3,86.4,8.3,13.0,Low,No,Yes,8,86.2,73.8
STU1163,Levi Williams,4.8,84.6,8.4,24.3,Medium,No,Yes,5,47.5,67.6
STU1164,Ava Davis,4.6,79.4,9.1,20.6,Medium,No,No,1,95.7,81.9
STU1165,Ava Wilson,12.1,84.5,9.2,12.2,Low,No,Yes,8,99.5,86.2
STU1166,Isabella Robinson,21.8,93.9,9.1,12.6,High,No,Yes,8,73.5,95.7
STU1167,Sophia Perez,14.4,89.1,5.0,25.6,Low,Yes,No,7,90.4,83.3
STU1168,Ethan Perez,14.5,83.6,7.0,13.9,Medium,No,Yes,9,85.7,84.0
STU1169,Logan Davis,7.7,89.1,9.5,8.0,Medium,Yes,No,10,84.5,82.6
STU1170,Daniel Miller,16.1,87.5,6.4,21.2,Medium,Yes,Yes,1,40.7,76.9
STU1171,Jack Hernandez,19.4,93.7,6.9,20.1,Low,No,Yes,10,93.2,92.1
STU1172,Oliver Sanchez,11.0,76.5,8.0,5.1,Medium,No,Yes,4,64.1,76.1
STU1173,Oliver White,4.4,69.0,8.0,6.6,Medium,No,Yes,3,69.9,73.7
STU1174,Daniel Jackson,3.3,73.4,8.4,26.2,High,No,No,4,47.3,59.6
STU1175,Jack Taylor,15.8,89.4,9.5,33.0,Medium,No,Yes,6,99.5,95.7
STU1176,Mia Hernandez,19.0,98.0,5.5,22.0,High,No,Yes,6,56.4,76.8
STU1177,Olivia Jackson,8.0,77.2,8.9,30.3,Low,Yes,No,5,82.4,79.1
STU1178,Isabella Brown,3.1,96.2,9.0,28.4,Low,No,No,9,85.1,76.1
STU1179,Harper White,3.3,71.3,5.8,12.4,High,No,No,6,65.7,66.0
STU1180,Sophia Gonzalez,8.2,66.3,8.8,6.4,Medium,No,No,2,64.7,73.8
STU1181,Levi White,14.6,65.1,8.9,16.8,High,Yes,Yes,5,98.9,93.5
STU1182,Levi Jones,17.0,67.9,7.3,18.9,High,No,No,9,41.3,65.2
STU1183,Sophia Miller,17.7,81.8,9.4,11.8,Medium,No,Yes,1,72.6,91.8
STU1184,Benjamin Wilson,12.5,79.4,5.3,33.4,High,No,No,3,79.1,77.0
STU1185,William Garcia,20.5,78.4,4.8,28.6,Medium,No,No,4,85.4,85.0
STU1186,Emma Anderson,6.7,95.1,8.9,31.1,Medium,No,Yes,10,73.5,73.8
STU1187,Oliver Davis,8.5,75.6,8.5,16.2,Medium,No,No,5,97.9,84.6
STU1188,Amelia Lopez,14.0,71.5,8.5,22.3,Medium,Yes,No,8,71.2,83.6
STU1189,Liam Miller,16.1,74.5,9.0,10.1,Medium,No,No,8,93.6,84.7
STU1190,Mia Thomas,5.5,77.6,7.6,7.5,High,Yes,Yes,1,65.1,75.9
STU1191,Benjamin Sanchez,11.8,66.5,4.6,21.8,Medium,Yes,Yes,5,98.4,85.4
STU1192,Mia Lewis,8.8,96.7,5.1,27.8,High,Yes,Yes,9,61.5,78.1
STU1193,Mia Robinson,6.0,88.5,8.6,8.0,Medium,No,No,2,84.9,82.9
STU1194,Sophia Thompson,16.3,74.1,8.7,19.1,High,No,No,2,59.5,78.1
STU1195,Lucas Garcia,21.7,69.1,8.7,13.4,Medium,No,Yes,6,61.6,81.4
STU1196,Olivia Williams,19.6,76.3,8.3,32.1,Medium,Yes,No,2,79.0,88.4
STU1197,Daniel Garcia,7.2,75.3,5.1,17.4,High,No,No,8,84.4,72.2
STU1198,Isabella Garcia,8.4,94.3,6.0,32.3,High,Yes,No,7,77.3,85.3
STU1199,Sophia Ramirez,16.6,78.0,5.6,8.6,Low,No,No,1,68.1,79.7
STU1200,Sophia Wilson,15.8,71.9,6.0,27.3,Low,Yes,Yes,9,59.8,72.7
STU1201,Harper Taylor,8.6,77.2,5.8,28.7,Medium,No,No,5,75.9,76.9
STU1202,Noah Lee,4.2,96.4,7.8,29.9,High,No,Yes,8,59.0,73.5
STU1203,Henry Jackson,22.5,77.7,7.5,23.9,Medium,Yes,No,7,47.9,77.1
STU1204,Elijah Perez,20.1,98.8,5.8,13.1,Medium,Yes,No,6,44.3,77.8
STU1205,Michael Garcia,3.0,65.6,5.9,34.1,Medium,No,No,3,66.8,58.5
STU1206,Jack White,15.6,81.5,8.8,6.5,High,Yes,No,7,88.2,95.1
STU1207,Mason Perez,23.4,75.9,4.9,23.5,Low,No,Yes,9,41.8,73.6
STU1208,Mason Wilson,24.8,65.3,5.9,16.8,Medium,No,Yes,5,55.5,74.5
STU1209,Isabella Miller,23.9,88.9,8.8,5.1,High,Yes,No,4,81.2,100.0
STU1210,Liam Brown,10.8,78.2,6.3,8.6,Medium,Yes,No,10,59.3,70.7
STU1211,Evelyn Rodriguez,16.9,95.5,7.5,20.1,Low,No,No,3,83.4,91.1
STU1212,Ava Lee,22.8,62.7,7.2,9.3,Low,No,No,1,45.1,73.9
STU1213,Harper Taylor,7.0,78.7,8.6,7.0,Medium,Yes,No,7,72.6,77.7
STU1214,Benjamin Sanchez,15.6,69.1,6.4,18.5,Medium,Yes,No,10,62.2,73.5
STU1215,Amelia Miller,13.8,66.6,7.7,6.3,High,Yes,No,10,78.7,82.0
STU1216,Mia Williams,9.8,62.9,6.5,14.3,Medium,No,No,4,74.8,70.0
STU1217,Jackson Gonzalez,24.4,69.1,9.4,21.0,Low,No,No,10,63.7,79.4
STU1218,Benjamin Clark,5.4,79.5,5.2,30.1,Medium,No,No,6,76.2,65.2
STU1219,Logan Perez,14.5,66.2,7.3,21.3,High,Yes,No,10,89.6,81.9
STU1220,Ethan Jackson,6.1,80.3,7.9,12.1,High,No,No,8,100.0,85.5
STU1221,Elijah Jackson,20.0,89.4,6.0,14.8,High,No,Yes,8,42.4,74.2
STU1222,Jackson Jones,14.5,69.1,9.3,32.3,High,No,Yes,5,84.8,83.3
STU1223,Amelia Martin,12.7,61.4,9.3,33.5,Medium,No,Yes,6,75.3,75.4
STU1224,Isabella Brown,8.6,68.1,8.3,16.6,Medium,No,Yes,3,93.7,77.9
STU1225,Jacob Anderson,15.2,98.2,5.5,8.3,High,No,Yes,8,43.7,70.1
STU1226,Benjamin Williams,12.3,80.4,7.6,32.8,Low,No,Yes,3,81.6,78.4
STU1227,Logan Lopez,20.5,71.2,5.6,33.7,Low,Yes,Yes,1,45.4,70.5
STU1228,Harper Miller,3.0,73.7,7.7,7.1,Low,Yes,Yes,9,86.0,76.6
STU1229,William Thompson,13.2,63.1,6.5,17.2,Low,No,No,2,40.4,62.7
STU1230,Sebastian Clark,22.0,87.3,5.1,30.3,Medium,No,No,10,64.2,75.4
STU1231,Lucas Williams,20.5,97.2,6.5,32.2,Medium,No,No,9,53.2,74.7
STU1232,Ethan Lee,6.9,76.6,8.3,10.6,High,Yes,No,4,77.5,82.4
STU1233,Daniel Moore,18.4,92.9,8.5,21.6,Medium,No,Yes,2,64.1,84.4
STU1234,Daniel Johnson,5.1,85.2,4.8,27.5,Medium,No,Yes,10,82.9,73.3
STU1235,Amelia Moore,12.7,73.6,9.2,7.5,High,Yes,No,9,90.6,90.6
STU1236,Michael Brown,20.1,95.7,6.7,32.3,Medium,Yes,No,10,42.5,76.6
STU1237,Sophia White,17.5,65.6,5.8,31.3,Low,No,No,4,82.2,77.2
STU1238,Harper Rodriguez,4.4,91.3,7.7,6.4,Medium,Yes,Yes,9,68.6,77.3
STU1239,Oliver Lopez,2.1,94.4,5.4,21.6,Medium,Yes,No,6,68.3,69.4
STU1240,Amelia Perez,7.0,87.1,7.5,13.9,Low,No,Yes,6,78.7,79.7
STU1241,Emma Smith,22.5,71.5,6.3,6.7,Low,No,No,5,81.3,83.5
STU1242,Ethan Jones,23.0,93.5,8.0,33.5,Low,Yes,No,6,56.0,84.4
STU1243,Isabella Ramirez,11.1,90.5,6.8,13.0,Medium,No,Yes,6,41.0,68.3
STU1244,Ava Anderson,20.6,64.8,5.8,5.5,Medium,Yes,Yes,4,78.5,91.4
STU1245,Olivia Brown,14.6,95.2,7.9,21.4,High,No,No,6,49.1,79.8
STU1246,William Williams,18.3,97.5,7.5,19.2,Low,No,Yes,8,96.6,94.5
STU1247,Mia Perez,10.4,69.0,5.5,9.2,Medium,Yes,Yes,5,71.6,76.4
STU1248,Elijah Anderson,5.8,85.7,8.5,33.4,Medium,Yes,Yes,9,81.4,80.0
STU1249,Jack Martin,7.3,61.8,6.6,14.1,High,No,Yes,5,77.3,73.8
STU1250,Harper Perez,19.5,81.9,5.4,18.8,Medium,Yes,No,1,48.2,77.5
STU1251,Mia Lopez,24.1,67.9,9.3,34.8,High,Yes,Yes,5,66.2,88.9
STU1252,Sebastian Thompson,3.7,84.9,9.4,10.7,High,Yes,Yes,5,97.2,90.4
STU1253,Alexander Davis,19.8,72.4,5.7,18.7,High,Yes,Yes,6,76.2,88.1
STU1254,James Martinez,20.0,75.1,7.3,29.1,Low,Yes,No,7,83.7,85.6
STU1255,Sophia Lewis,13.1,86.5,5.1,13.7,Medium,Yes,Yes,9,85.7,83.3
STU1256,Jackson Williams,11.0,90.2,9.1,33.5,Medium,No,Yes,4,63.2,72.8
STU1257,Noah Moore,22.8,95.1,9.4,5.8,High,Yes,No,1,50.5,95.9
STU1258,Liam White,8.5,98.0,7.4,18.1,Medium,No,Yes,3,48.6,73.4
STU1259,Isabella Davis,11.2,90.5,8.6,31.7,Medium,No,No,3,75.6,80.5
STU1260,Daniel Ramirez,16.6,74.6,6.0,31.4,Medium,No,Yes,4,81.6,82.9
STU1261,Oliver Johnson,22.1,81.6,5.9,17.8,Low,No,Yes,9,75.4,85.1
STU1262,Mia Perez,10.3,88.9,5.5,11.1,Low,No,Yes,6,83.8,82.1
STU1263,James Gonzalez,11.7,72.1,6.1,26.4,High,No,No,6,64.3,72.8
STU1264,Logan White,19.5,81.7,5.2,16.4,Medium,Yes,No,2,86.8,92.9
STU1265,Alexander Perez,8.1,84.1,6.0,26.4,High,No,Yes,9,50.3,65.4
STU1266,Jackson Rodriguez,12.3,66.4,5.4,7.9,High,No,No,9,56.4,66.0
STU1267,Ethan Garcia,9.7,99.1,8.8,26.0,High,No,Yes,1,58.7,81.3
STU1268,Isabella Anderson,13.7,75.5,9.0,5.5,High,No,Yes,1,98.2,92.1
STU1269,Ava Lewis,20.8,81.9,9.3,6.6,Medium,Yes,Yes,3,97.1,100.0
STU1270,Logan Clark,22.2,92.4,7.9,23.8,Medium,Yes,Yes,8,55.0,87.4
STU1271,Logan Thompson,22.8,60.5,7.9,6.6,Medium,No,No,1,96.1,98.3
STU1272,James Harris,22.2,84.2,5.7,15.7,Low,No,Yes,2,52.3,77.9
STU1273,Jack Perez,18.9,64.6,8.4,28.6,Medium,Yes,No,10,94.9,88.7
STU1274,William Sanchez,12.4,99.1,5.0,21.4,High,No,No,4,65.4,76.2
STU1275,Ava Williams,6.7,79.3,5.8,13.6,Medium,Yes,Yes,7,50.3,62.9
STU1276,Jacob Garcia,3.6,77.2,8.0,18.7,Low,No,Yes,6,97.9,80.2
STU1277,Noah Thomas,15.4,81.0,5.7,5.1,Low,No,No,5,96.7,84.5
STU1278,Emma Jackson,22.3,68.1,7.4,26.0,Medium,No,No,4,96.2,92.8
STU1279,Alexander Brown,18.7,84.7,8.2,11.4,Medium,No,Yes,2,45.6,77.8
STU1280,Ava Lee,23.0,77.4,5.8,18.0,High,No,Yes,1,72.8,91.3
STU1281,Ethan Davis,17.0,92.7,4.8,32.3,Low,No,No,2,43.8,70.4
STU1282,Evelyn Moore,18.9,84.3,7.9,7.4,High,Yes,Yes,3,69.6,94.0
STU1283,Oliver Martinez,13.8,70.1,9.4,13.7,High,No,No,9,60.0,73.0
STU1284,Mia Ramirez,23.1,94.4,4.7,28.6,Medium,Yes,Yes,6,65.7,91.2
STU1285,James Anderson,3.5,93.0,6.0,18.3,Low,No,Yes,6,41.7,56.9
STU1286,Mia Anderson,8.5,88.5,4.6,17.3,High,No,Yes,1,51.1,71.6
STU1287,Ethan Anderson,17.8,64.4,5.9,14.3,Medium,No,Yes,5,84.6,83.3
STU1288,Isabella Martin,22.1,93.1,5.6,29.3,High,No,No,10,96.5,96.4
STU1289,Oliver Miller,6.5,94.4,7.9,30.1,High,Yes,No,6,57.8,70.0
STU1290,Jacob Jones,11.5,88.9,6.4,19.7,Medium,Yes,Yes,5,83.9,83.7
STU1291,Noah Robinson,2.4,66.6,9.0,12.2,Medium,No,No,9,52.7,59.4
STU1292,Mason Wilson,5.8,69.7,5.8,15.1,High,No,Yes,9,64.9,69.4
STU1293,Alexander Davis,18.1,66.9,7.0,17.4,High,No,Yes,1,69.7,77.3
STU1294,Evelyn Lewis,12.1,99.2,7.1,8.4,High,No,Yes,7,65.2,81.9
STU1295,Jacob Lewis,16.5,87.5,5.8,5.3,High,No,Yes,9,92.5,89.5
STU1296,Henry Jackson,4.9,71.4,7.2,20.3,High,No,No,5,64.6,65.8
STU1297,William Perez,13.0,67.3,8.2,30.4,Medium,Yes,No,6,66.0,73.5
STU1298,Evelyn Clark,3.0,77.9,4.9,26.9,Medium,Yes,No,4,42.7,59.3
STU1299,Harper Hernandez,21.1,93.7,6.4,24.0,Low,No,No,4,86.0,89.2
STU1300,Isabella Sanchez,20.0,90.1,8.5,20.5,Low,No,Yes,7,79.7,85.4
STU1301,Isabella Taylor,7.9,84.2,6.7,28.2,High,No,Yes,10,64.9,67.1
STU1302,Mason Perez,10.9,83.5,5.4,23.0,High,Yes,Yes,1,75.1,83.2
STU1303,Charlotte Moore,24.0,77.2,7.2,21.0,Medium,Yes,No,5,81.7,90.4
STU1304,Ethan Clark,15.7,70.6,7.8,29.4,High,Yes,No,4,86.4,86.9
STU1305,William Smith,12.7,70.6,6.6,31.7,High,No,Yes,6,65.7,73.9
STU1306,Daniel Clark,13.8,89.4,6.7,25.0,Low,Yes,Yes,6,45.7,72.8
STU1307,Alexander Williams,24.9,69.7,4.7,17.3,Low,No,No,3,64.4,79.4
STU1308,Harper Ramirez,17.0,69.3,4.6,27.9,Medium,Yes,No,10,73.8,78.2
STU1309,Alexander Jackson,15.4,99.6,8.3,18.3,High,No,No,3,92.1,96.8
STU1310,Mason Wilson,10.5,84.7,7.7,19.1,Medium,No,Yes,10,82.9,78.7
STU1311,Mason Lewis,17.5,87.1,6.4,33.3,Low,No,Yes,9,78.9,80.3
STU1312,Alexander Perez,5.6,85.4,7.5,10.4,High,No,Yes,2,41.1,67.8
STU1313,Mason Anderson,21.3,92.1,9.3,21.1,Medium,No,No,5,90.0,99.1
STU1314,Liam Brown,3.8,89.6,5.0,22.8,High,No,No,1,76.4,72.2
STU1315,Ethan Clark,22.4,67.9,8.2,13.6,High,Yes,No,10,81.5,92.3
STU1316,Charlotte Harris,12.7,93.9,4.8,15.1,Low,Yes,Yes,10,96.3,87.3
STU1317,Levi Miller,6.8,69.2,6.8,13.1,Low,No,No,3,99.1,77.6
STU1318,Sophia Davis,4.6,60.3,5.3,11.2,Medium,No,No,10,55.4,59.1
STU1319,Elijah Jones,5.9,95.9,8.4,7.3,High,No,No,7,82.4,80.8
STU1320,Daniel Robinson,5.2,83.2,7.0,9.3,Medium,No,No,1,66.5,72.4
STU1321,Charlotte Martinez,8.5,74.6,5.5,15.4,Medium,Yes,Yes,10,58.8,68.6
STU1322,Charlotte Miller,14.9,90.6,9.2,5.5,Medium,No,Yes,6,90.3,95.1
STU1323,Levi Thomas,9.5,78.2,8.3,8.8,Low,Yes,No,3,84.2,82.9
STU1324,Mia Sanchez,22.0,76.1,9.4,33.0,High,No,No,8,51.1,75.5
STU1325,Ethan Perez,21.0,71.4,9.1,34.1,Medium,No,No,3,96.3,90.9
STU1326,Ava Lopez,14.8,93.8,8.5,10.3,Medium,No,No,10,71.3,85.6
STU1327,Ethan Martinez,20.2,85.1,8.3,9.6,Medium,No,No,10,54.2,79.1
STU1328,Ava Gonzalez,23.7,84.4,9.1,28.6,Medium,No,Yes,7,69.2,91.6
STU1329,Lucas Gonzalez,19.7,75.9,8.6,10.1,Low,No,No,8,53.6,71.2
STU1330,Jacob Rodriguez,12.8,90.9,5.1,23.8,Medium,Yes,Yes,1,87.8,87.5
STU1331,Jacob Lopez,18.7,64.5,7.5,13.4,Low,No,Yes,3,85.0,85.8
STU1332,Mason Taylor,6.8,82.3,8.8,30.1,High,No,No,3,71.5,74.6
STU1333,Mason White,2.7,98.5,7.8,33.0,Medium,No,Yes,6,57.7,69.2
STU1334,Benjamin Thompson,15.8,80.3,6.3,32.4,Medium,No,Yes,1,82.4,81.6
STU1335,William White,12.2,70.4,6.2,30.0,High,No,No,4,51.9,64.0
STU1336,Ava Rodriguez,7.5,88.4,5.9,15.2,Medium,Yes,No,8,68.3,77.3
STU1337,William Martinez,6.1,71.8,5.1,33.2,High,No,Yes,10,83.0,72.4
STU1338,Charlotte Moore,22.6,96.4,6.1,25.7,Medium,No,No,10,76.2,87.1
STU1339,Olivia Robinson,13.2,64.7,7.9,33.5,Low,Yes,Yes,8,47.0,65.2
STU1340,James Garcia,22.8,73.8,8.2,24.8,High,Yes,Yes,7,82.0,96.9
STU1341,Jack Taylor,3.9,70.2,8.4,8.0,Low,No,No,6,52.9,56.1
STU1342,Henry Clark,15.7,89.6,4.7,24.8,Medium,No,No,8,57.8,71.5
STU1343,Jacob Johnson,3.2,62.1,8.0,18.7,Medium,No,No,10,61.6,60.9
STU1344,Olivia Anderson,20.9,79.1,6.3,15.9,High,No,No,1,90.1,95.3
STU1345,Oliver Wilson,6.2,65.6,7.4,27.9,High,No,No,6,80.8,72.0
STU1346,Isabella Taylor,11.7,84.1,9.2,14.4,Medium,No,Yes,4,73.7,81.6
STU1347,Michael Thompson,13.8,90.9,4.7,25.8,Medium,No,Yes,10,90.0,83.0
STU1348,William White,16.1,74.9,5.8,8.2,Medium,No,Yes,5,44.2,66.3
STU1349,Ava Thomas,21.0,61.7,6.6,10.0,High,No,No,8,98.1,89.7
STU1350,Henry Miller,7.1,95.4,9.2,32.5,Medium,No,No,10,58.9,67.2
STU1351,Harper Gonzalez,17.1,60.3,9.2,12.1,Low,Yes,Yes,10,90.7,81.9
STU1352,William Sanchez,13.8,72.3,7.4,14.8,Low,No,No,1,81.8,78.1
STU1353,Sebastian Jones,21.7,92.8,6.7,9.0,Medium,No,No,10,41.5,72.8
STU1354,Mia Lopez,17.2,87.5,5.1,33.2,Low,No,No,4,72.8,74.8
STU1355,Ethan White,11.6,90.3,9.0,7.5,Medium,No,No,3,76.1,84.1
STU1356,Liam Martinez,7.4,60.9,8.7,34.2,Low,No,Yes,9,65.2,58.6
STU1357,Olivia Clark,15.4,60.5,8.4,14.2,Low,No,No,7,40.4,64.7
STU1358,Isabella Clark,14.3,82.6,8.3,9.0,Medium,No,No,1,53.3,73.8
STU1359,William Jones,4.1,67.7,4.8,23.8,Medium,No,No,7,43.1,50.1
STU1360,Mia Lewis,12.2,73.4,6.5,20.9,Low,No,Yes,7,49.2,62.6
STU1361,Elijah Johnson,11.4,87.2,4.8,6.0,Medium,No,No,6,55.6,68.5
STU1362,Emma Martin,22.6,71.9,5.6,17.3,Medium,No,Yes,9,72.7,82.3
STU1363,Emma Sanchez,2.8,99.6,4.7,18.3,Medium,No,No,3,74.7,77.5
STU1364,Evelyn Jackson,24.7,90.7,6.7,18.4,Medium,No,Yes,7,96.1,100.0
STU1365,Charlotte Lee,19.9,60.6,8.6,6.2,High,Yes,No,5,85.9,93.6
STU1366,Liam Martinez,21.9,64.1,5.1,34.4,Medium,Yes,No,10,93.4,83.9
STU1367,Evelyn Martinez,17.9,69.3,7.6,27.4,Medium,No,No,6,47.3,67.8
STU1368,Levi Hernandez,4.6,99.9,5.4,22.8,Medium,No,No,10,44.9,57.9
STU1369,Mia Brown,6.0,71.8,7.8,34.0,Low,Yes,Yes,7,70.0,73.7
STU1370,Alexander Wilson,4.1,84.0,6.2,32.5,Medium,No,Yes,4,83.6,70.7
STU1371,Ethan Brown,16.1,83.2,5.8,27.7,Low,Yes,No,3,75.6,83.8
STU1372,Daniel Garcia,17.7,96.1,8.7,8.8,Low,Yes,Yes,6,95.1,97.3
STU1373,Jack Thompson,18.8,91.2,5.1,5.0,High,No,No,6,45.5,76.3
STU1374,William Gonzalez,24.0,82.6,7.1,7.6,Medium,No,Yes,9,63.4,81.8
STU1375,Mason Miller,24.7,77.8,7.2,31.2,High,No,Yes,10,68.6,84.4
STU1376,Noah Taylor,13.2,94.4,7.5,25.8,Medium,Yes,Yes,4,82.0,90.5
STU1377,Emma Jackson,18.8,84.8,5.4,5.8,Medium,No,Yes,6,54.0,77.4
STU1378,William Martin,14.7,80.9,5.9,13.9,Medium,Yes,Yes,7,98.5,90.2
STU1379,Mason Sanchez,8.8,97.3,7.1,13.2,Medium,No,Yes,1,98.6,91.6
STU1380,William Clark,5.1,95.7,4.9,32.2,High,Yes,Yes,3,94.7,84.3
STU1381,Emma Brown,11.1,90.3,6.8,17.4,High,No,No,9,62.7,77.5
STU1382,Emma Lewis,9.8,80.2,5.3,24.7,High,No,No,8,99.1,81.2
STU1383,Isabella Garcia,12.5,76.6,8.2,9.1,Low,No,No,2,64.1,79.8
STU1384,Jack Smith,4.9,75.7,5.3,27.0,Medium,No,Yes,2,92.3,72.7
STU1385,Sebastian Brown,14.4,63.2,7.3,32.2,Medium,No,No,4,76.9,77.5
STU1386,Lucas Thomas,9.3,78.8,7.0,11.0,Medium,Yes,Yes,4,87.0,86.0
STU1387,Noah Sanchez,24.7,73.0,6.5,23.1,High,No,No,5,40.6,73.9
STU1388,Alexander Smith,5.4,91.4,7.6,15.3,High,No,No,5,66.4,72.0
STU1389,Emma Moore,15.8,96.1,6.4,11.5,Medium,No,Yes,4,52.0,80.8
STU1390,Elijah Taylor,13.6,62.7,5.6,33.1,Medium,No,No,7,76.3,72.3
STU1391,Henry Sanchez,6.3,62.4,7.5,27.9,Medium,No,Yes,7,66.5,62.2
STU1392,Jacob Williams,6.2,68.1,6.4,6.5,Medium,No,No,8,56.2,62.0
STU1393,Sebastian Lee,2.6,82.1,7.1,34.8,Medium,No,No,7,45.9,53.6
STU1394,Benjamin Johnson,6.3,81.7,7.7,6.4,High,Yes,No,9,96.2,89.1
STU1395,Elijah Harris,3.4,87.6,8.1,6.4,High,No,No,9,43.3,65.7
STU1396,Amelia Clark,19.6,76.5,7.8,22.4,Low,Yes,No,10,76.0,81.1
STU1397,Harper Gonzalez,7.4,63.9,5.4,28.9,Medium,No,No,2,77.7,71.8
STU1398,Charlotte Hernandez,21.4,73.0,7.9,33.8,High,No,Yes,7,76.7,84.3
STU1399,Mia Clark,10.6,80.9,4.8,10.4,High,Yes,Yes,8,72.9,81.3
STU1400,Ethan Robinson,14.0,99.9,5.2,25.3,Medium,No,No,7,74.3,77.7
STU1401,Henry Smith,10.2,72.1,8.2,26.0,Medium,Yes,No,1,79.4,81.3
STU1402,Lucas Thompson,9.2,69.0,4.8,29.8,Medium,No,No,6,59.8,61.4
STU1403,Olivia Sanchez,13.8,65.2,6.7,14.5,High,No,Yes,2,57.3,76.7
STU1404,Levi Rodriguez,13.4,71.4,8.2,5.7,Medium,Yes,No,3,43.7,70.2
STU1405,Oliver Robinson,16.8,71.0,7.0,8.7,Medium,No,Yes,7,65.8,76.5
STU1406,Logan Perez,23.0,82.9,5.4,13.1,Low,No,No,6,75.4,85.1
STU1407,Alexander Robinson,18.4,83.2,4.6,15.8,Medium,No,Yes,9,57.6,72.0
STU1408,Jackson Thomas,9.7,82.3,8.0,24.9,High,Yes,Yes,4,99.8,90.9
STU1409,William Williams,3.1,69.2,9.0,12.7,Medium,No,Yes,8,65.0,68.8
STU1410,James Martinez,23.0,61.6,7.1,25.4,High,No,Yes,5,96.1,94.7
STU1411,Charlotte Harris,5.5,73.1,4.8,10.5,High,No,Yes,7,70.3,67.8
STU1412,Isabella Williams,11.8,85.8,8.2,12.0,Medium,No,No,8,89.5,83.8
STU1413,Oliver Thompson,5.3,86.3,7.7,5.8,High,Yes,No,3,54.9,77.0
STU1414,Mia Thomas,20.6,95.0,6.0,30.8,High,Yes,No,8,45.9,77.8
STU1415,Charlotte Taylor,17.4,69.3,5.7,14.2,Low,No,No,3,97.1,87.7
STU1416,Olivia Perez,17.2,90.1,8.6,33.4,Medium,Yes,No,1,75.9,90.5
STU1417,Oliver Clark,16.7,72.3,8.8,33.8,Medium,No,No,10,72.9,75.4
STU1418,Levi Brown,15.3,72.3,6.9,28.8,High,Yes,Yes,3,90.3,93.0
STU1419,Jackson Ramirez,18.7,64.5,6.5,31.6,Low,Yes,Yes,4,54.0,74.5
STU1420,Jacob Williams,16.5,94.5,5.2,34.3,Medium,Yes,Yes,1,43.4,75.5
STU1421,Evelyn Johnson,5.9,78.5,4.7,8.7,Medium,No,No,2,44.4,56.8
STU1422,Daniel Harris,15.7,76.6,6.6,28.6,Low,Yes,Yes,1,48.2,72.7
STU1423,Harper Garcia,9.2,93.8,5.8,5.0,Medium,No,No,10,53.2,69.5
STU1424,Henry Hernandez,23.0,93.8,8.2,10.0,Low,No,Yes,1,53.9,82.9
STU1425,Evelyn Moore,3.7,89.8,8.1,12.0,High,Yes,No,2,43.2,72.4
STU1426,Alexander White,2.9,75.7,8.5,15.2,Medium,No,Yes,2,92.0,80.7
STU1427,Amelia Moore,24.7,90.2,5.7,21.2,High,Yes,No,5,72.1,93.0
STU1428,Henry Clark,9.5,98.2,5.1,5.5,High,No,Yes,6,54.5,74.6
STU1429,Charlotte Ramirez,11.6,75.1,8.9,32.2,Medium,No,No,2,57.9,68.6
STU1430,Jackson Garcia,9.4,66.6,8.4,8.7,Medium,No,No,3,85.7,83.8
STU1431,Logan Lopez,12.1,79.3,5.6,8.5,High,No,No,7,98.8,86.9
STU1432,Olivia Miller,13.6,95.1,9.3,27.6,Medium,No,Yes,2,58.6,83.4
STU1433,Henry Martin,17.3,64.7,6.5,28.8,Medium,No,Yes,7,55.7,69.3
STU1434,Ava Sanchez,18.9,88.0,8.8,8.5,High,No,Yes,7,77.2,86.3
STU1435,Oliver Anderson,16.5,85.3,6.8,20.9,High,Yes,Yes,7,89.2,87.8
STU1436,Evelyn Wilson,17.4,97.1,7.6,29.7,Medium,No,No,1,51.8,76.8
STU1437,Michael White,15.5,81.0,8.3,26.4,Low,No,No,4,71.0,76.0
STU1438,Ethan Anderson,6.6,76.5,4.9,22.3,High,Yes,No,5,63.2,69.3
STU1439,James Harris,2.1,79.4,5.1,14.2,High,No,Yes,8,82.9,71.8
STU1440,Olivia Lee,12.2,71.3,4.9,31.3,High,No,Yes,1,62.3,70.1
STU1441,Levi Clark,19.0,83.9,8.9,6.5,Medium,No,No,3,45.2,80.1
STU1442,Isabella Harris,17.9,70.5,7.6,29.9,Low,Yes,Yes,1,65.9,82.8
STU1443,Jackson Thompson,21.2,99.4,8.5,23.0,Medium,No,No,6,63.7,84.2
STU1444,Jackson Harris,11.2,87.0,6.8,27.5,Medium,No,No,9,53.1,67.7
STU1445,Noah Sanchez,2.6,75.2,5.0,20.9,Medium,No,Yes,1,93.9,74.1
STU1446,Michael Smith,18.3,70.1,6.7,8.7,Medium,No,No,9,61.5,72.0
STU1447,Logan Ramirez,19.0,94.3,9.2,19.8,High,Yes,No,3,60.5,86.6
STU1448,Evelyn Wilson,3.6,95.9,5.1,14.8,High,No,No,7,73.3,70.3
STU1449,Olivia Hernandez,3.9,74.2,7.9,13.2,High,Yes,Yes,9,78.1,78.0
STU1450,Evelyn Garcia,6.9,61.7,6.1,21.8,High,No,No,7,83.2,71.9
STU1451,Daniel Johnson,3.2,89.0,5.1,14.1,Medium,No,Yes,2,62.8,70.3
STU1452,Emma Harris,24.3,89.1,9.1,27.9,Medium,No,Yes,9,76.1,97.7
STU1453,Mason Ramirez,13.9,67.9,8.5,10.6,Low,No,Yes,6,85.0,78.8
STU1454,Emma Lee,5.1,62.8,9.0,16.6,Medium,Yes,Yes,6,60.2,72.4
STU1455,Amelia Jackson,4.0,98.9,7.1,23.4,Medium,No,No,8,85.0,78.4
STU1456,Jack Lopez,7.5,67.8,7.0,28.1,Low,No,No,2,64.1,60.9
STU1457,Lucas Davis,23.7,70.0,5.0,16.8,Medium,Yes,No,2,59.9,79.1
STU1458,Amelia Davis,4.5,74.7,5.0,28.0,High,Yes,Yes,8,71.0,71.4
STU1459,Harper Jackson,6.6,70.6,5.3,7.9,Medium,No,No,5,49.9,62.6
STU1460,Emma Gonzalez,9.3,68.8,7.1,8.1,High,Yes,Yes,2,62.6,75.6
STU1461,James Miller,23.4,83.0,5.1,22.5,High,No,Yes,5,51.5,79.5
STU1462,Jack Gonzalez,8.2,72.6,8.7,19.3,Medium,No,No,4,85.4,75.6
STU1463,Isabella Lewis,2.9,73.0,6.8,9.4,High,No,No,4,90.3,77.3
STU1464,Olivia Martinez,2.8,77.8,8.6,31.6,Low,No,Yes,6,77.3,68.7
STU1465,Ethan Thomas,20.7,64.0,6.6,23.9,Medium,No,Yes,3,52.3,70.2
STU1466,Sophia Anderson,19.0,62.6,6.4,13.5,Medium,Yes,Yes,8,60.3,73.5
STU1467,James Williams,16.7,94.0,8.2,21.3,Medium,No,Yes,9,48.0,73.7
STU1468,Levi Anderson,8.7,97.0,5.7,13.7,Medium,No,No,8,75.0,80.4
STU1469,Emma Brown,18.1,76.4,7.0,5.2,Medium,No,No,8,58.6,78.0
STU1470,Mason Johnson,21.7,78.7,6.3,21.1,High,No,Yes,4,85.4,93.3
STU1471,Levi Thompson,11.8,64.4,4.7,26.8,High,No,No,4,43.3,61.4
STU1472,Mia Thomas,13.8,71.6,6.8,30.7,Medium,No,No,4,82.9,81.3
STU1473,Charlotte Martinez,12.5,73.2,4.8,18.5,Medium,No,Yes,5,45.8,62.8
STU1474,Mia Taylor,8.5,67.4,4.7,5.7,High,No,No,8,65.7,67.4
STU1475,Jackson Brown,13.0,75.6,8.9,31.8,Medium,No,Yes,8,95.9,87.6
STU1476,Jack Martin,14.6,95.6,5.8,19.2,Medium,Yes,Yes,1,99.9,98.0
STU1477,Henry Davis,5.6,77.6,7.1,12.8,Medium,No,No,7,82.8,73.3
STU1478,Benjamin Jackson,8.0,73.9,8.5,23.8,High,No,Yes,10,97.6,82.6
STU1479,Jacob Johnson,12.3,87.7,8.2,34.9,Medium,No,Yes,4,45.8,69.5
STU1480,Elijah Garcia,5.0,62.3,8.7,6.8,Medium,No,No,10,99.4,74.6
STU1481,Amelia Hernandez,5.9,75.4,6.2,18.0,High,No,Yes,6,87.8,81.1
STU1482,Ethan Lopez,18.2,67.5,8.3,12.1,Low,No,No,6,66.7,76.5
STU1483,Levi Clark,5.2,82.8,8.8,22.5,High,No,No,6,55.7,69.6
STU1484,Henry Clark,18.5,65.0,7.5,21.5,Medium,No,Yes,9,93.3,85.0
STU1485,Charlotte Thomas,18.9,62.1,4.7,16.6,Medium,No,No,5,82.7,78.7
STU1486,Alexander Garcia,19.6,80.6,8.4,20.7,Medium,Yes,No,9,83.0,88.4
STU1487,Charlotte Johnson,3.5,83.8,8.2,11.3,High,No,Yes,2,58.6,72.4
STU1488,Oliver Perez,17.6,64.8,4.8,19.5,Medium,No,Yes,10,57.4,66.3
STU1489,James Martinez,2.2,80.4,5.2,31.0,High,No,No,5,44.1,54.9
STU1490,Emma Williams,8.1,80.2,8.4,30.7,High,No,Yes,8,53.9,66.7
STU1491,Mia Hernandez,21.9,77.8,5.2,30.9,High,Yes,Yes,7,99.2,98.0
STU1492,Henry Harris,17.2,84.4,9.1,9.7,High,No,No,3,55.6,85.9
STU1493,Olivia White,14.6,88.6,6.7,5.8,Medium,No,Yes,4,59.4,78.8
STU1494,Levi Thomas,12.7,65.3,9.1,31.0,High,No,Yes,2,94.0,85.0
STU1495,Jackson Lewis,13.5,90.6,5.8,29.2,Medium,Yes,No,5,66.1,83.3
STU1496,Alexander Anderson,5.1,87.7,8.5,9.9,Low,No,Yes,9,56.0,66.3
STU1497,Lucas Gonzalez,19.1,85.7,6.1,23.6,Medium,No,Yes,6,63.2,81.1
STU1498,Mia Johnson,24.3,78.2,7.0,22.2,High,Yes,No,7,99.9,98.9
STU1499,Jack Hernandez,2.6,87.9,8.1,30.1,High,Yes,No,2,92.8,83.2
STU1500,Oliver Williams,17.0,99.3,9.1,18.2,Low,No,Yes,10,43.3,71.2
STU1501,Evelyn Martinez,8.3,75.9,9.2,15.1,High,Yes,Yes,10,81.0,77.6
STU1502,Ethan Sanchez,18.5,70.7,6.1,8.8,Medium,No,Yes,4,82.9,87.7
STU1503,Ava Garcia,13.5,82.9,5.2,33.1,Medium,No,Yes,6,46.1,65.3
STU1504,Sebastian Perez,20.9,90.4,4.7,30.3,Medium,No,Yes,10,85.2,87.4
STU1505,Ethan Perez,11.2,97.9,6.5,8.7,Medium,No,No,5,59.6,76.9
STU1506,Henry Harris,15.7,71.0,4.6,27.1,Medium,No,Yes,5,93.6,80.3
STU1507,Isabella Wilson,9.0,90.4,7.6,7.3,Medium,No,No,6,74.7,81.3
STU1508,Benjamin Lee,20.0,88.1,8.7,6.7,High,Yes,No,1,41.2,82.9
STU1509,Ethan Robinson,6.8,91.6,8.4,11.5,Medium,No,No,8,48.7,67.1
STU1510,Oliver White,13.5,96.5,5.2,24.4,Medium,No,Yes,1,85.3,85.6
STU1511,Oliver Gonzalez,24.6,71.7,6.0,15.6,Medium,No,Yes,7,92.7,87.9
STU1512,Noah Jones,23.8,68.2,7.6,11.7,Medium,No,No,1,68.1,87.0
STU1513,Logan Sanchez,13.8,64.3,6.6,18.6,High,Yes,Yes,4,95.4,85.5
STU1514,Olivia Moore,10.1,86.2,7.2,25.3,Medium,No,No,6,50.3,68.1
STU1515,Sebastian Rodriguez,11.8,73.7,5.4,5.2,Medium,No,No,10,54.6,59.6
STU1516,Jack Johnson,4.5,91.2,9.1,16.5,Medium,No,No,3,74.4,77.2
STU1517,Mason Taylor,23.9,69.6,7.6,19.2,High,No,No,2,83.3,90.0
STU1518,Jacob Garcia,18.5,61.1,6.4,23.8,Low,Yes,No,3,64.3,73.5
STU1519,Ethan Martinez,22.9,70.8,8.6,35.0,Medium,No,Yes,4,94.9,93.7
STU1520,Michael Johnson,20.3,65.4,9.4,33.9,Low,No,No,3,52.2,71.2
STU1521,Liam Robinson,11.6,80.6,8.0,32.2,Low,No,No,6,43.4,62.0
STU1522,Michael Anderson,23.4,79.9,8.7,18.4,High,Yes,No,9,85.2,94.1
STU1523,Emma Thompson,8.9,61.4,7.7,30.8,Medium,No,Yes,1,82.9,75.7
STU1524,Mason Miller,22.9,66.2,7.6,5.9,Medium,No,No,8,92.9,93.0
STU1525,Mason Anderson,2.4,87.6,9.2,24.0,Medium,No,No,7,84.8,79.0
STU1526,Noah Jackson,22.2,70.8,9.4,16.5,Low,No,No,5,89.8,87.0
STU1527,Ethan Ramirez,17.4,77.9,6.9,11.1,Medium,No,Yes,10,66.5,76.7
STU1528,Jackson Garcia,8.7,94.8,9.0,5.0,Medium,Yes,Yes,1,67.8,86.6
STU1529,Emma Perez,23.9,81.3,7.7,21.3,Low,No,No,5,66.8,82.7
STU1530,Olivia Thompson,7.1,66.6,6.5,32.8,High,No,Yes,10,99.1,75.3
STU1531,Jackson Jackson,4.5,98.6,5.4,24.4,Medium,Yes,Yes,2,46.0,70.3
STU1532,Henry Johnson,2.6,76.3,5.6,21.0,High,Yes,Yes,6,42.5,59.1
STU1533,Sebastian Johnson,8.2,99.9,8.8,17.2,High,No,Yes,1,47.3,75.2
STU1534,Emma Sanchez,22.7,84.9,5.2,8.5,High,No,Yes,4,44.8,81.3
STU1535,Isabella Martin,7.0,92.5,5.6,21.3,High,No,Yes,5,43.0,67.8
STU1536,Jackson Johnson,14.4,83.0,7.7,5.5,High,No,No,2,82.1,85.0
STU1537,Jack Gonzalez,22.8,88.5,8.6,25.0,Low,Yes,No,9,49.0,81.7
STU1538,Noah Smith,6.0,94.9,7.6,9.7,High,No,No,6,56.0,73.7
STU1539,James White,18.9,94.7,7.1,25.1,High,No,No,10,91.4,92.5
STU1540,Daniel Robinson,8.0,95.0,5.1,26.6,Low,No,No,2,81.8,76.1
STU1541,Logan Rodriguez,19.6,92.1,6.4,17.5,Low,No,No,10,82.0,83.5
STU1542,Charlotte Lee,4.4,80.2,8.6,33.1,Medium,Yes,Yes,4,75.1,75.2
STU1543,Levi Thompson,9.8,62.2,7.3,22.6,High,Yes,Yes,6,87.6,84.7
STU1544,James Johnson,9.7,64.3,5.7,33.5,Medium,No,No,1,42.1,59.0
STU1545,William Robinson,10.2,77.9,9.3,16.3,Medium,No,No,4,83.9,78.1
STU1546,Henry Ramirez,17.3,69.5,6.9,13.6,High,Yes,Yes,10,89.1,87.4
STU1547,Isabella White,6.3,71.3,5.8,20.6,Medium,No,No,6,84.1,73.5
STU1548,Ava Martin,14.5,70.8,8.0,24.8,High,No,Yes,3,52.1,72.5
STU1549,Mason Taylor,20.1,80.4,6.0,9.5,Medium,No,Yes,2,51.7,75.9
STU1550,Michael Johnson,16.3,85.5,8.0,8.4,High,No,No,2,46.5,78.0
STU1551,Charlotte Robinson,13.8,79.5,7.6,33.4,Medium,No,No,8,51.2,68.3
STU1552,Lucas Harris,19.1,88.9,5.2,30.1,Low,No,No,5,55.3,67.0
STU1553,Sebastian Williams,3.3,65.7,4.8,23.8,Low,Yes,Yes,6,40.6,52.2
STU1554,Michael Brown,15.1,73.3,8.1,20.2,Medium,No,No,1,40.9,66.9
STU1555,Ava Moore,4.1,64.0,5.5,35.0,Low,No,No,2,90.5,68.3
STU1556,Sophia Hernandez,3.7,88.1,6.5,32.6,Medium,No,Yes,2,58.9,68.2
STU1557,Emma Gonzalez,17.9,69.7,9.2,8.1,Medium,No,Yes,10,49.1,75.0
STU1558,Liam Miller,18.3,67.6,6.3,8.2,Medium,No,Yes,2,61.3,69.2
STU1559,James Williams,13.5,75.4,9.4,9.8,Medium,No,No,7,95.2,92.2
STU1560,Daniel Johnson,14.5,89.6,8.3,23.2,Low,Yes,Yes,9,67.8,79.8
STU1561,William Martinez,11.2,82.0,7.6,24.9,High,No,No,6,49.4,67.0
STU1562,Henry Moore,21.4,80.0,9.4,7.9,Medium,No,No,9,79.9,92.1
STU1563,Michael Thompson,19.8,84.9,7.5,30.5,Medium,Yes,Yes,1,82.8,93.2
STU1564,Noah Robinson,15.1,94.7,6.7,34.0,Medium,No,No,7,83.1,85.9
STU1565,Daniel White,10.5,60.7,8.0,5.7,Medium,No,Yes,5,62.6,68.1
STU1566,William Johnson,14.1,92.4,6.3,20.7,Medium,No,No,1,83.4,90.3
STU1567,Alexander Garcia,16.2,80.4,7.2,15.8,Low,No,Yes,3,81.0,86.0
STU1568,Alexander Harris,7.5,99.2,6.4,13.0,Medium,No,No,1,51.4,67.4
STU1569,Amelia Williams,16.8,86.0,8.6,17.5,Low,No,Yes,1,56.1,77.8
STU1570,Ava Miller,13.9,61.5,7.3,32.6,High,No,No,7,52.5,70.7
STU1571,Levi Ramirez,20.4,85.3,7.0,6.8,High,No,No,9,42.4,76.5
STU1572,Olivia Gonzalez,21.0,98.7,8.9,23.0,Medium,No,No,7,84.0,94.2
STU1573,Lucas Jones,21.2,77.1,7.7,26.8,Medium,No,No,8,66.4,79.7
STU1574,Alexander Lewis,17.7,95.3,5.5,31.2,Low,Yes,No,6,64.8,82.2
STU1575,Michael Ramirez,21.7,75.8,5.5,17.7,Medium,Yes,Yes,6,99.3,94.4
STU1576,Mason Martin,3.3,70.5,6.7,9.7,High,Yes,No,10,50.9,61.0
STU1577,Sophia Lopez,3.7,84.7,7.8,16.4,High,Yes,Yes,6,41.3,68.2
STU1578,Ava Martin,2.7,83.8,7.2,34.1,Medium,No,Yes,2,43.0,65.0
STU1579,Emma Harris,18.6,69.2,7.9,34.5,Medium,Yes,Yes,3,88.7,90.1
STU1580,Levi Gonzalez,14.4,62.8,9.2,28.0,Medium,Yes,Yes,9,82.8,82.6
STU1581,William Davis,14.1,65.1,7.5,19.5,Medium,No,No,8,56.1,69.5
STU1582,Jack Thomas,21.2,66.5,5.9,7.0,High,No,No,5,47.8,73.1
STU1583,Alexander Taylor,24.1,84.3,9.4,30.2,Low,No,No,9,56.8,79.1
STU1584,Sebastian Martinez,23.2,68.3,8.9,5.9,Low,Yes,Yes,2,52.6,86.8
STU1585,Elijah Hernandez,12.8,98.4,7.9,32.2,High,Yes,No,8,90.5,92.7
STU1586,Liam Rodriguez,22.7,97.0,4.5,7.3,Medium,No,Yes,7,82.9,92.7
STU1587,Sophia Jones,9.7,80.8,9.4,25.9,Medium,No,Yes,1,59.0,74.7
STU1588,James Martin,8.8,70.3,4.6,13.6,Medium,No,No,10,54.4,58.2
STU1589,Charlotte Perez,5.6,74.2,8.0,21.8,Medium,No,Yes,4,67.1,69.0
STU1590,Amelia Brown,16.6,99.0,8.6,6.8,Medium,Yes,Yes,3,96.5,100.0
STU1591,Levi Perez,11.4,78.8,4.7,10.7,High,No,No,3,91.3,84.7
STU1592,Harper Williams,8.3,64.7,5.8,32.6,Medium,No,Yes,4,52.7,55.1
STU1593,Alexander Hernandez,20.8,96.0,8.4,10.9,Low,No,No,1,46.1,84.6
STU1594,Emma Rodriguez,6.6,74.9,7.0,26.8,Low,No,No,10,86.0,70.4
STU1595,Levi Miller,12.1,92.7,7.2,32.9,High,No,No,7,55.4,71.6
STU1596,Alexander Ramirez,17.6,69.1,7.5,25.9,Low,No,No,10,51.4,65.7
STU1597,Jacob Moore,12.1,76.3,6.6,22.6,Medium,No,No,5,57.8,71.4
STU1598,Liam White,12.2,73.9,8.2,31.8,High,No,Yes,2,87.6,87.2
STU1599,Elijah Jones,3.0,93.2,7.4,23.2,Medium,Yes,No,6,79.3,75.1
STU1600,Jackson Hernandez,21.9,72.4,8.0,5.5,Medium,No,Yes,4,87.9,92.2
STU1601,Alexander Robinson,8.5,79.3,8.1,15.8,Medium,No,No,8,84.7,81.4
STU1602,Jack Clark,9.0,78.4,8.6,32.9,Medium,No,Yes,4,69.9,71.2
STU1603,Alexander Hernandez,2.3,66.2,8.0,12.3,Medium,No,Yes,7,89.7,73.2
STU1604,James Lewis,15.7,63.6,6.2,7.7,High,Yes,No,2,40.7,68.4
STU1605,James Brown,18.3,67.1,8.9,18.3,Low,Yes,Yes,3,91.7,91.0
STU1606,Evelyn Martinez,24.9,87.2,4.9,34.8,Medium,No,Yes,9,75.2,83.9
STU1607,Liam Rodriguez,8.6,71.2,5.3,9.9,Medium,Yes,Yes,4,53.9,67.8
STU1608,Jacob Davis,9.5,64.5,8.9,24.1,Low,No,No,10,40.9,57.9
STU1609,Lucas Moore,11.8,82.1,7.5,13.2,Medium,Yes,Yes,1,73.0,81.0
STU1610,Evelyn Martinez,9.0,75.9,6.1,19.0,Medium,Yes,No,1,71.6,76.7
STU1611,Ava Taylor,19.0,77.1,6.2,14.5,High,No,No,4,88.5,86.5
STU1612,Liam Jones,3.3,81.4,9.2,22.9,High,Yes,Yes,10,97.9,87.1
STU1613,Liam Martinez,4.9,98.5,5.9,30.6,Medium,No,Yes,5,49.4,63.6
STU1614,Jacob Garcia,16.2,66.4,9.3,32.4,Low,No,No,9,59.9,68.1
STU1615,Evelyn Lewis,11.2,94.2,6.7,16.6,Medium,No,No,9,94.6,87.8
STU1616,Lucas Sanchez,7.2,94.9,8.6,12.0,Medium,Yes,No,2,74.7,84.6
STU1617,Ethan Lee,9.7,73.1,5.9,19.3,Low,No,Yes,5,86.0,77.2
STU1618,Henry Martinez,9.4,78.6,9.2,33.0,Medium,No,No,2,79.6,72.2
STU1619,Jack Anderson,19.4,79.3,5.1,8.5,High,No,No,3,91.5,94.9
STU1620,William Williams,8.0,62.1,5.7,29.1,High,No,No,5,43.5,57.8
STU1621,Daniel Hernandez,19.4,86.9,7.2,8.0,High,Yes,No,4,74.0,93.7
STU1622,Elijah Hernandez,2.9,76.1,7.7,25.9,Medium,No,No,10,47.7,56.4
STU1623,Isabella Ramirez,19.6,79.9,6.1,29.4,High,No,No,1,85.8,90.8
STU1624,Harper Robinson,7.3,95.3,4.6,27.6,Medium,No,No,4,61.6,73.3
STU1625,Harper Hernandez,13.7,72.8,9.3,33.0,High,No,Yes,1,91.0,90.1
STU1626,Jacob Miller,4.6,63.0,7.4,24.3,High,No,No,9,61.2,63.0
STU1627,Emma Martin,18.6,74.1,6.1,19.2,High,No,Yes,6,41.9,68.6
STU1628,Jack Lewis,7.5,69.6,4.9,32.9,Medium,No,Yes,1,89.3,77.1
STU1629,Mason Taylor,10.5,87.6,6.4,15.4,High,No,Yes,5,55.0,70.7
STU1630,Isabella Rodriguez,8.4,67.7,7.0,31.0,Medium,No,No,4,53.7,60.7
STU1631,Sebastian Rodriguez,18.1,76.1,4.9,27.0,Medium,No,No,9,57.1,72.1
STU1632,Jack Robinson,15.5,77.8,8.7,12.9,Medium,No,Yes,5,63.7,77.2
STU1633,Harper Harris,17.8,91.4,8.5,9.1,Medium,Yes,No,3,69.0,91.0
STU1634,Emma Robinson,4.8,92.1,5.7,32.0,High,Yes,Yes,8,67.0,71.2
STU1635,Liam Clark,23.3,80.9,4.6,5.6,High,No,Yes,4,74.4,85.6
STU1636,Noah Taylor,15.1,60.4,5.8,17.2,Medium,No,No,8,71.4,71.5
STU1637,Mia Smith,4.9,74.3,7.5,30.1,Low,No,Yes,8,59.3,61.7
STU1638,Daniel Lopez,24.9,67.6,6.1,19.6,Medium,No,Yes,5,95.1,89.9
STU1639,Jack Jones,22.9,92.2,4.8,25.8,Medium,Yes,No,6,92.8,95.1
STU1640,Isabella Sanchez,13.1,62.8,5.9,14.7,High,No,No,6,71.6,75.3
STU1641,Olivia Martin,3.1,85.0,7.6,31.7,Medium,No,No,3,46.2,63.2
STU1642,Olivia Perez,20.9,83.4,7.0,14.6,High,No,Yes,6,64.7,88.0
STU1643,Henry Clark,16.4,65.3,8.3,13.3,High,Yes,No,5,85.0,91.2
STU1644,Sebastian White,12.9,99.7,8.4,11.3,Medium,No,No,4,53.7,78.3
STU1645,Sophia Harris,13.5,84.2,7.3,19.6,Medium,No,Yes,7,55.8,74.5
STU1646,James Jackson,12.7,70.6,8.2,24.1,High,No,Yes,3,51.0,70.2
STU1647,Jack Sanchez,23.7,96.1,8.9,7.1,High,Yes,No,5,82.9,99.8
STU1648,Jack Miller,23.0,97.8,5.7,8.9,Medium,Yes,Yes,9,72.8,88.3
STU1649,Mason Thomas,3.7,90.6,5.9,31.6,Medium,No,Yes,10,85.2,75.0
STU1650,Liam White,19.9,60.9,7.5,25.9,High,No,No,10,50.1,68.1
STU1651,Mason Moore,23.4,85.1,6.5,12.6,High,Yes,Yes,9,55.4,81.4
STU1652,Benjamin Smith,17.4,60.0,8.5,7.4,Low,No,No,10,59.2,70.3
STU1653,Lucas Martinez,11.9,95.0,6.0,7.8,High,No,Yes,10,46.3,71.8
STU1654,Mia Smith,14.1,93.0,8.8,32.8,High,No,No,8,44.7,71.9
STU1655,Alexander Martinez,22.6,86.1,6.2,34.0,High,No,No,1,80.2,88.6
STU1656,Mia Martin,7.9,88.6,6.9,17.1,Low,No,Yes,7,40.3,59.2
STU1657,Amelia White,22.0,69.3,7.5,17.1,Medium,Yes,Yes,10,54.2,78.9
STU1658,Michael Wilson,15.3,82.1,5.4,6.7,Low,Yes,Yes,4,56.1,77.2
STU1659,Logan Martin,11.1,87.8,6.9,20.4,Medium,No,No,3,73.4,83.3
STU1660,Daniel Taylor,2.3,66.5,9.4,7.3,Medium,No,Yes,7,92.5,76.4
STU1661,Elijah Hernandez,21.5,79.2,6.4,19.8,Medium,No,Yes,2,71.1,89.2
STU1662,William Hernandez,11.7,71.9,5.8,9.9,Medium,No,Yes,3,65.9,77.6
STU1663,Mason Smith,22.6,61.0,6.2,26.7,Low,No,Yes,5,43.7,68.3
STU1664,Sebastian Taylor,22.6,87.4,5.7,7.0,Medium,No,No,5,75.1,85.4
STU1665,Amelia Thompson,3.6,63.6,6.7,15.7,Medium,No,Yes,4,57.9,69.7
STU1666,Jackson Lopez,4.7,84.7,6.7,10.6,Medium,No,Yes,1,84.1,77.5
STU1667,Olivia Sanchez,6.8,60.9,9.0,11.3,Medium,No,No,10,86.5,75.6
STU1668,Jackson Wilson,19.3,98.2,8.4,30.3,High,No,Yes,5,93.6,100.0
STU1669,Mason Rodriguez,4.2,71.6,9.4,33.8,Medium,Yes,Yes,1,94.8,82.9
STU1670,Daniel Lopez,10.6,75.3,8.7,24.5,Medium,No,Yes,6,58.5,71.0
STU1671,Noah Gonzalez,21.6,65.6,7.2,5.2,Low,No,Yes,3,69.8,81.1
STU1672,Ethan Smith,22.2,92.5,9.3,31.5,High,Yes,Yes,7,74.2,96.8
STU1673,Jack Brown,21.2,65.0,5.1,21.7,High,No,No,10,73.7,75.8
STU1674,William Martin,7.2,79.8,9.3,28.1,Medium,No,Yes,1,87.2,82.2
STU1675,Henry Martinez,14.9,89.1,6.3,23.4,Medium,No,Yes,7,56.3,72.6
STU1676,Olivia Jackson,21.2,65.9,6.8,19.8,Low,No,Yes,5,63.6,76.4
STU1677,Alexander Lewis,3.1,91.2,5.8,29.9,High,Yes,No,4,91.3,82.5
STU1678,Jackson Jones,12.3,67.5,7.0,20.9,High,Yes,Yes,7,83.2,85.4
STU1679,Amelia Davis,3.3,92.8,4.7,16.0,Medium,No,Yes,4,74.8,72.6
STU1680,Evelyn Hernandez,23.1,88.2,7.9,16.8,Low,No,Yes,9,63.0,83.9
STU1681,Noah Smith,12.2,97.8,4.7,30.5,High,Yes,Yes,8,40.7,69.0
STU1682,Sophia Sanchez,8.5,86.7,5.4,22.4,High,No,Yes,6,88.3,78.2
STU1683,Logan Harris,21.3,78.9,4.7,24.2,Low,Yes,Yes,8,80.6,86.7
STU1684,Michael Rodriguez,18.8,73.9,7.9,16.2,Low,No,No,4,42.5,71.4
STU1685,James Wilson,22.3,96.9,5.0,8.9,Medium,Yes,Yes,9,66.3,88.5
STU1686,James Lewis,19.4,85.6,5.1,19.5,Medium,Yes,No,6,74.2,86.6
STU1687,Michael Brown,4.5,88.9,5.3,30.5,High,Yes,No,9,80.3,77.1
STU1688,Sebastian Thomas,18.7,93.4,6.6,27.9,Low,No,Yes,2,71.1,87.0
STU1689,Evelyn Jones,3.7,62.1,9.2,20.9,Medium,No,No,7,56.3,61.8
STU1690,Mason Taylor,16.3,88.8,7.3,27.2,Low,Yes,Yes,1,80.7,92.8
STU1691,Elijah Smith,8.4,99.9,8.3,24.3,Medium,No,No,6,85.7,82.2
STU1692,Sebastian Rodriguez,2.8,74.7,5.7,18.4,Low,Yes,No,10,48.5,55.4
STU1693,Mia Jackson,6.1,64.4,7.3,32.9,Low,No,Yes,3,72.5,67.0
STU1694,William Perez,5.2,60.0,8.6,7.6,Medium,Yes,No,8,44.7,58.5
STU1695,Isabella White,24.8,75.1,6.7,6.4,Low,Yes,No,9,88.9,93.8
STU1696,Mia Garcia,7.7,89.9,5.8,31.5,High,No,Yes,8,74.6,75.1
STU1697,Emma Thompson,21.3,85.9,6.2,19.1,High,No,Yes,3,41.5,77.6
STU1698,Sebastian Jones,20.5,95.9,7.1,18.7,Low,Yes,No,8,57.6,84.4
STU1699,Ethan Lewis,17.6,75.7,5.8,33.6,Medium,Yes,No,6,91.3,86.6
STU1700,Sophia Lopez,6.3,70.8,8.5,18.6,Medium,No,No,2,55.4,63.1
STU1701,James Clark,7.8,97.6,9.0,22.0,Medium,No,No,10,73.4,76.6
STU1702,Oliver Robinson,23.4,67.4,6.7,16.8,Medium,No,Yes,6,92.6,90.7
STU1703,James Perez,17.9,75.3,8.8,22.0,Medium,No,No,3,92.0,87.7
STU1704,Levi Miller,23.0,64.7,7.7,12.5,High,No,No,10,64.6,79.2
STU1705,Mason Thompson,3.3,67.9,4.5,23.8,Medium,Yes,No,2,99.1,77.2
STU1706,Henry Miller,15.8,91.1,8.2,14.9,Medium,Yes,No,4,53.5,78.0
STU1707,Isabella Hernandez,4.2,80.5,7.3,19.8,High,No,Yes,5,64.0,66.4
STU1708,Logan Taylor,13.6,92.1,6.7,19.7,High,Yes,No,5,93.1,90.6
STU1709,Charlotte Thompson,20.5,61.8,9.5,8.9,High,No,No,8,64.8,81.9
STU1710,Oliver Anderson,3.1,60.1,5.7,25.4,Low,No,No,1,66.2,57.2
STU1711,Oliver Smith,4.4,85.1,5.0,7.8,High,No,Yes,6,66.7,68.5
STU1712,Sebastian Gonzalez,15.5,74.4,6.9,15.9,Medium,Yes,No,1,94.3,93.4
STU1713,Liam Brown,5.9,63.2,8.0,28.5,High,Yes,Yes,7,49.0,66.7
STU1714,Isabella Robinson,22.2,72.6,5.1,19.1,Medium,No,No,10,96.1,87.3
STU1715,Olivia Robinson,2.4,61.4,9.1,15.6,Medium,No,No,6,52.0,58.6
STU1716,Evelyn Williams,17.8,68.8,6.7,28.5,High,No,Yes,9,81.2,82.1
STU1717,Levi Rodriguez,24.1,85.1,5.8,13.8,High,Yes,No,1,95.4,100.0
STU1718,Sophia Thompson,10.4,90.3,5.8,25.8,Low,Yes,No,4,53.3,72.7
STU1719,Liam Garcia,16.2,78.3,9.0,19.9,High,Yes,No,4,84.7,94.0
STU1720,Liam Jones,2.2,91.1,8.6,6.8,Medium,No,Yes,9,87.7,78.9
STU1721,Jacob Garcia,10.0,98.9,9.4,13.0,Low,Yes,No,5,82.5,87.2
STU1722,Oliver Smith,22.0,65.5,5.1,10.3,High,No,Yes,1,61.5,81.9
STU1723,Emma Ramirez,21.8,64.9,6.7,16.9,High,No,No,7,60.0,74.9
STU1724,Jackson Martin,15.1,77.4,6.6,27.0,Medium,Yes,No,2,83.8,87.9
STU1725,Sophia Thompson,10.3,91.1,8.2,31.8,Medium,No,No,6,43.1,66.2
STU1726,Elijah Perez,21.8,77.7,7.4,34.3,Medium,Yes,No,1,54.9,82.6
STU1727,Sophia Davis,24.0,96.4,9.3,17.8,Low,No,Yes,10,58.3,86.1
STU1728,Mason Martinez,17.3,76.3,5.9,26.9,Medium,No,Yes,2,99.4,90.3
STU1729,Harper Gonzalez,8.0,93.6,4.7,20.6,Medium,No,No,4,80.9,77.1
STU1730,James Clark,11.1,98.6,7.2,13.6,Low,Yes,Yes,6,73.1,82.1
STU1731,Ava White,20.0,74.6,5.7,25.2,Low,Yes,No,3,50.9,74.6
STU1732,Alexander Johnson,10.9,76.1,8.4,33.9,Low,No,No,7,41.2,59.5
STU1733,Evelyn Clark,16.2,86.0,5.5,12.2,Medium,Yes,Yes,1,83.8,91.4
STU1734,Olivia White,4.2,60.3,5.3,7.1,High,No,No,7,52.3,55.7
STU1735,Mia Garcia,11.1,73.4,5.5,16.3,Medium,No,No,8,74.0,69.5
STU1736,Benjamin Clark,11.4,97.5,6.4,24.9,Medium,No,No,2,92.5,86.1
STU1737,Isabella Thomas,17.8,99.1,8.1,32.9,High,No,No,1,50.1,83.9
STU1738,Sophia Martinez,24.4,90.5,6.6,5.1,Medium,No,No,5,82.2,95.4
STU1739,Levi Williams,18.3,87.1,4.6,17.4,Medium,No,No,5,42.4,72.2
STU1740,Oliver Martin,20.2,92.1,8.1,11.1,Medium,Yes,No,1,98.9,100.0
STU1741,Amelia Robinson,6.2,90.3,4.6,29.5,Low,No,No,9,81.8,71.1
STU1742,Emma Sanchez,4.5,62.8,7.4,20.6,High,No,No,9,76.5,67.1
STU1743,Lucas Thomas,18.6,92.4,8.5,8.8,High,No,Yes,5,98.2,99.3
STU1744,Levi Brown,3.6,67.6,8.4,30.2,Medium,No,No,9,41.2,57.5
STU1745,Emma Anderson,4.9,83.4,8.3,34.8,High,Yes,Yes,2,78.4,74.9
STU1746,Isabella Moore,23.8,97.2,6.4,7.4,Low,No,No,9,81.8,90.2
STU1747,Harper Lee,21.0,65.0,9.0,30.9,Medium,Yes,Yes,5,65.9,80.2
STU1748,Levi Lewis,12.6,97.6,6.9,18.9,High,Yes,Yes,7,40.7,76.1
STU1749,Liam Lopez,12.0,98.5,8.7,19.7,High,Yes,No,9,71.9,87.2
STU1750,Benjamin Clark,5.6,92.5,5.2,12.0,Medium,No,Yes,6,98.1,83.1
STU1751,Sebastian Smith,12.9,87.6,7.5,21.1,Medium,No,No,8,74.5,81.3
STU1752,William Jackson,13.8,66.8,7.8,30.6,Medium,No,Yes,9,68.2,67.9
STU1753,Evelyn White,20.6,74.7,6.1,30.5,High,No,Yes,6,40.2,72.5
STU1754,Olivia Moore,13.7,75.2,6.7,34.4,Medium,No,No,4,93.3,81.0
STU1755,Henry Williams,10.7,78.9,7.7,32.2,Medium,Yes,No,5,40.1,64.6
STU1756,Logan Smith,2.7,88.5,4.7,13.0,Medium,No,No,4,41.3,55.3
STU1757,Harper Clark,6.8,86.2,6.6,10.4,Medium,No,Yes,1,87.1,86.7
STU1758,Lucas Anderson,4.6,87.8,6.7,33.3,Low,No,No,1,52.2,64.3
STU1759,William Taylor,14.3,85.5,9.3,8.0,Medium,No,Yes,7,53.2,79.0
STU1760,Levi Thomas,12.2,66.8,8.9,26.1,Low,No,Yes,6,69.4,71.9
STU1761,Elijah Gonzalez,2.8,65.5,8.3,5.5,High,No,Yes,1,68.1,69.8
STU1762,Evelyn Robinson,6.3,99.1,9.5,21.7,Low,No,No,6,95.6,88.2
STU1763,Benjamin Lewis,4.7,74.4,9.3,32.7,High,No,Yes,7,59.2,69.7
STU1764,Logan Lewis,24.0,96.9,6.8,30.4,Medium,No,No,6,46.5,82.8
STU1765,Ava Brown,11.0,84.9,9.3,7.8,Medium,No,Yes,10,59.4,74.5
STU1766,Evelyn Wilson,22.4,78.8,8.9,22.6,Medium,Yes,Yes,7,60.1,86.6
STU1767,Charlotte Lopez,4.7,98.8,9.3,15.7,Low,No,Yes,10,75.6,77.3
STU1768,Ava Thompson,21.0,66.8,9.0,24.7,High,No,Yes,10,69.3,79.7
STU1769,Mia Thomas,12.2,67.0,5.5,13.4,High,No,No,5,57.6,67.6
STU1770,Mia Sanchez,5.6,72.5,5.0,5.6,High,No,Yes,9,70.8,71.4
STU1771,Oliver Garcia,11.3,96.3,8.2,21.3,Medium,No,Yes,3,40.1,71.6
STU1772,Olivia Sanchez,21.8,66.2,6.8,17.2,Medium,No,Yes,4,62.2,77.1
STU1773,Liam Sanchez,22.8,75.8,9.4,27.8,Medium,No,No,9,99.2,90.5
STU1774,Levi Martin,21.2,92.0,6.2,12.8,Medium,No,No,1,72.6,90.1
STU1775,Ava Anderson,22.4,74.3,6.4,17.5,Medium,No,No,8,66.4,79.8
STU1776,Lucas Smith,18.5,68.5,5.5,17.4,Medium,No,No,4,72.2,77.0
STU1777,Ethan Johnson,12.0,76.5,4.7,19.9,Medium,No,Yes,7,55.1,65.6
STU1778,Daniel Jackson,23.8,65.4,7.0,11.4,Low,No,No,1,72.0,82.2
STU1779,Jacob Taylor,9.7,83.4,6.1,7.6,Medium,No,No,8,87.4,81.2
STU1780,Liam Clark,8.7,60.2,6.4,6.9,High,No,No,9,89.7,74.2
STU1781,Emma Lopez,13.6,89.8,7.0,7.0,High,Yes,No,10,90.0,90.0
STU1782,Oliver Martinez,21.5,62.6,4.7,12.8,High,Yes,Yes,2,53.2,81.0
STU1783,Michael Jackson,11.3,68.6,6.3,13.5,Low,Yes,No,4,63.2,70.9
STU1784,Lucas Wilson,11.0,63.2,4.9,22.7,Medium,No,No,2,84.0,74.8
STU1785,Elijah Williams,13.1,97.3,8.0,27.4,Low,Yes,Yes,6,91.3,90.2
STU1786,Elijah Garcia,9.5,68.4,7.0,5.6,Medium,No,Yes,10,75.4,73.8
STU1787,Jacob Lee,21.5,79.6,4.7,21.1,High,No,No,8,86.3,83.6
STU1788,Alexander Robinson,21.7,72.4,7.8,22.0,Medium,No,Yes,5,46.8,75.1
STU1789,Benjamin Sanchez,18.5,77.5,6.5,9.1,Medium,No,No,3,69.6,81.6
STU1790,Benjamin Lopez,5.4,82.1,8.3,13.5,Medium,No,No,7,64.1,68.8
STU1791,Noah Smith,18.3,83.4,6.3,22.3,Medium,No,Yes,8,44.3,72.4
STU1792,Emma Garcia,8.9,86.0,6.1,16.7,Medium,No,No,6,70.7,79.5
STU1793,Harper Lee,3.1,82.9,8.8,12.3,High,No,Yes,3,70.7,76.3
STU1794,Harper Harris,17.0,62.5,7.1,19.9,Low,Yes,No,8,52.9,69.5
STU1795,Henry Robinson,13.6,92.7,8.8,23.5,Low,No,No,3,67.1,77.8
STU1796,Evelyn Thompson,16.7,88.7,5.6,8.0,High,No,No,10,94.9,91.4
STU1797,Ethan Martinez,23.6,96.6,7.2,15.7,Low,No,No,4,46.0,78.2
STU1798,Elijah Robinson,21.1,99.2,7.0,5.3,Low,No,Yes,7,71.6,86.1
STU1799,Harper Clark,2.5,74.5,7.2,31.2,Medium,No,No,2,83.9,70.9
STU1800,William White,22.1,68.6,4.9,19.5,Medium,Yes,No,3,46.6,74.5
STU1801,Sophia Thomas,13.6,88.9,4.5,22.8,High,No,No,4,83.6,83.7
STU1802,Benjamin Garcia,16.0,85.7,4.9,31.8,Medium,No,No,9,91.8,82.4
STU1803,Charlotte Jackson,20.0,97.2,5.7,22.3,Medium,Yes,No,7,86.4,94.2
STU1804,Evelyn Brown,2.6,82.5,5.6,15.2,High,No,Yes,10,97.2,79.9
STU1805,Henry Thompson,6.3,77.0,7.2,25.4,Medium,No,No,1,73.3,74.1
STU1806,Elijah Ramirez,18.6,85.8,6.2,27.6,Medium,No,Yes,3,96.6,93.3
STU1807,Noah Lewis,6.7,73.6,6.9,13.9,Medium,No,Yes,4,95.9,84.3
STU1808,James Moore,14.1,89.0,6.7,23.9,Medium,No,Yes,5,74.8,79.5
STU1809,Sophia Jackson,3.2,70.1,4.9,8.1,High,No,Yes,3,87.7,72.5
STU1810,Mia Thompson,14.3,64.1,8.9,20.2,High,No,No,7,60.9,71.4
STU1811,Henry Lewis,12.4,88.8,5.0,30.4,High,No,No,8,65.8,76.6
STU1812,Levi Johnson,11.6,86.6,6.9,20.5,Medium,Yes,Yes,7,46.7,69.3
STU1813,Benjamin Thompson,7.1,68.0,9.1,30.6,High,No,Yes,7,89.5,76.3
STU1814,Emma Gonzalez,23.4,74.6,8.8,13.0,Medium,No,Yes,8,84.4,93.1
STU1815,Noah Harris,18.2,89.8,8.5,27.4,Medium,Yes,Yes,6,98.8,100.0
STU1816,Sebastian Lee,10.7,61.4,5.0,23.0,High,No,No,9,45.2,57.8
STU1817,Amelia Garcia,20.2,73.0,8.1,9.1,Medium,No,Yes,5,69.6,85.3
STU1818,Mia Thompson,18.2,92.1,5.7,6.3,Medium,No,No,8,73.0,82.2
STU1819,Harper Taylor,22.2,98.4,9.0,26.6,Medium,No,Yes,1,54.7,83.6
STU1820,James Ramirez,14.0,70.7,8.4,21.6,Medium,No,No,2,96.3,92.9
STU1821,Alexander Moore,5.9,85.3,6.6,20.2,Low,Yes,Yes,10,69.8,73.4
STU1822,Alexander Martin,13.4,66.8,5.1,33.0,Medium,No,No,9,46.5,58.6
STU1823,Jackson Ramirez,13.4,71.1,7.2,15.5,Low,No,No,8,41.9,62.4
STU1824,Mason Taylor,8.3,68.0,5.7,28.9,Medium,No,No,9,46.8,59.1
STU1825,Harper White,18.8,60.0,9.3,29.4,High,No,Yes,9,90.2,89.0
STU1826,Ava White,19.0,98.4,7.9,22.1,High,No,Yes,3,64.3,89.3
STU1827,Emma Jackson,10.6,69.7,7.3,28.9,Low,No,Yes,6,72.2,68.7
STU1828,Sebastian Garcia,21.5,65.1,5.0,22.7,Medium,No,Yes,3,70.1,73.0
STU1829,Ava Rodriguez,4.8,63.9,8.3,11.7,Low,Yes,No,4,46.0,63.5
STU1830,Mia Clark,17.9,73.4,8.0,26.0,High,No,Yes,5,52.0,75.0
STU1831,Mia Thompson,7.7,72.2,8.4,14.8,Medium,No,Yes,6,55.3,67.2
STU1832,Evelyn Anderson,12.0,73.2,5.4,28.0,High,No,Yes,10,57.4,67.6
STU1833,Logan Thompson,3.8,92.4,9.4,24.3,Medium,Yes,Yes,4,96.6,84.8
STU1834,Logan Robinson,4.0,93.9,8.2,23.3,High,No,No,2,74.4,82.6
STU1835,James Lewis,2.4,81.6,4.9,5.8,High,No,No,8,84.9,72.3
STU1836,Isabella Johnson,18.8,66.6,6.3,12.9,Medium,Yes,No,4,76.1,87.5
STU1837,William Clark,10.2,70.0,7.6,20.0,High,No,No,6,90.6,81.7
STU1838,Levi Wilson,22.8,73.6,6.4,32.2,Medium,No,No,5,75.4,80.5
STU1839,Amelia Lewis,22.3,78.9,6.4,12.5,Medium,Yes,No,6,91.4,98.0
STU1840,Logan Hernandez,10.0,95.1,5.5,7.3,High,Yes,No,8,84.1,86.5
STU1841,Sophia Garcia,18.3,62.0,4.8,29.1,High,No,Yes,7,51.5,67.6
STU1842,Jacob Davis,22.1,63.0,5.7,25.9,Medium,Yes,No,1,50.7,74.4
STU1843,Lucas Davis,20.7,86.6,6.2,7.1,Medium,Yes,No,8,62.7,84.5
STU1844,Sophia Robinson,2.2,78.4,6.9,5.7,Medium,No,Yes,1,58.7,66.7
STU1845,Charlotte Garcia,4.0,88.1,4.8,6.8,Medium,Yes,Yes,2,55.9,70.2
STU1846,Benjamin Garcia,13.9,97.0,7.2,22.5,Medium,Yes,Yes,5,90.7,96.2
STU1847,Levi Ramirez,6.3,88.0,6.0,13.9,Medium,Yes,No,6,48.9,66.8
STU1848,Logan Wilson,10.9,88.6,4.8,34.2,Low,No,Yes,2,59.4,67.6
STU1849,William Perez,5.4,67.6,8.8,12.7,Medium,Yes,Yes,2,81.0,75.9
STU1850,Olivia Brown,18.9,79.5,8.6,33.6,High,Yes,Yes,7,59.0,81.4
STU1851,Noah Thompson,9.3,83.8,7.7,16.9,Low,No,Yes,3,57.5,71.4
STU1852,Alexander Rodriguez,20.5,96.0,7.6,5.2,Low,No,No,4,42.6,74.5
STU1853,Ava Robinson,12.7,79.8,6.6,33.7,Medium,No,Yes,1,62.7,72.9
STU1854,Benjamin Anderson,4.0,84.4,5.9,9.8,Medium,No,No,1,77.4,74.3
STU1855,Logan Johnson,14.2,75.8,6.1,23.3,High,No,No,2,99.3,86.4
STU1856,Sophia Johnson,3.8,97.3,6.3,30.3,Medium,No,Yes,9,42.0,56.7
STU1857,Lucas Thompson,20.1,66.4,4.7,16.8,Medium,No,Yes,3,46.9,70.6
STU1858,Oliver Clark,18.9,85.5,7.7,29.8,Low,No,Yes,5,92.9,90.5
STU1859,Michael Lee,17.2,88.4,4.6,18.2,High,No,No,1,46.1,76.6
STU1860,Liam Smith,3.2,75.2,6.2,26.5,High,No,No,5,64.3,64.7
STU1861,Mia White,13.7,78.2,8.3,24.8,Medium,No,Yes,6,55.8,70.1
STU1862,Daniel Robinson,13.4,73.7,5.7,17.0,Low,Yes,No,2,69.4,79.0
STU1863,Elijah Jackson,7.6,66.1,8.8,19.0,Medium,No,Yes,2,91.6,80.3
STU1864,Harper Robinson,23.6,88.9,5.5,18.3,Low,No,Yes,3,73.8,86.3
STU1865,Jackson Clark,24.9,98.3,8.7,25.7,Medium,Yes,No,5,96.2,100.0
STU1866,Ethan Martinez,12.1,60.9,6.9,20.0,Medium,No,No,5,65.0,69.8
STU1867,Noah Davis,24.0,79.1,8.0,32.7,Medium,Yes,Yes,3,89.0,93.1
STU1868,Olivia Rodriguez,7.9,70.5,4.7,14.2,High,No,No,6,87.0,80.0
STU1869,Ethan Clark,5.7,75.9,7.4,33.4,Low,No,No,7,83.3,69.5
STU1870,Elijah Harris,23.0,60.8,9.3,18.9,Medium,No,No,8,98.0,87.5
STU1871,Levi Wilson,11.8,82.1,5.7,27.3,Medium,Yes,Yes,5,70.4,75.6
STU1872,Amelia Hernandez,23.0,80.1,9.3,33.2,High,No,No,6,91.6,93.6
STU1873,Ethan Moore,13.5,68.6,5.9,10.1,High,Yes,No,2,86.7,85.5
STU1874,William Wilson,5.7,73.5,7.3,22.3,Low,No,No,5,84.8,76.0
STU1875,James Rodriguez,9.2,85.5,4.5,6.0,High,No,No,10,60.9,71.6
STU1876,Daniel Gonzalez,23.4,93.7,7.7,15.2,High,No,Yes,3,54.6,89.3
STU1877,Charlotte Rodriguez,24.3,97.9,8.9,11.4,Medium,Yes,Yes,3,68.6,98.3
STU1878,Jackson Hernandez,8.2,67.4,7.9,21.0,Medium,No,No,4,61.9,71.2
STU1879,Ethan Harris,14.5,90.7,4.9,11.3,Medium,No,No,2,42.3,67.7
STU1880,Henry Robinson,18.4,94.8,9.2,14.8,Low,No,Yes,8,47.9,78.2
STU1881,Alexander Williams,19.0,85.0,9.4,21.0,Low,Yes,No,10,92.7,97.1
STU1882,Lucas Lopez,2.5,80.1,5.9,24.5,High,Yes,No,3,98.8,83.7
STU1883,Sophia Thomas,10.4,60.5,5.7,26.6,Medium,Yes,No,1,87.4,81.3
STU1884,Henry Perez,4.7,99.9,8.4,17.3,High,No,Yes,5,90.9,89.9
STU1885,Levi Ramirez,16.9,98.9,4.8,22.2,High,No,No,8,60.2,74.4
STU1886,Charlotte Garcia,11.2,74.7,7.3,25.0,High,Yes,Yes,5,51.8,73.3
STU1887,Sebastian Garcia,6.8,84.0,4.9,6.7,Medium,Yes,Yes,1,89.3,81.0
STU1888,Benjamin Perez,23.5,62.2,7.9,31.7,High,No,No,8,88.7,90.2
STU1889,Logan Gonzalez,18.5,87.2,8.7,6.2,Low,No,No,5,95.8,96.1
STU1890,Benjamin Williams,21.4,60.0,5.3,5.9,Medium,Yes,No,3,68.3,80.9
STU1891,Michael Taylor,10.4,96.3,6.0,21.3,Low,No,Yes,3,74.7,77.0
STU1892,Liam Anderson,17.8,91.1,6.1,22.0,High,Yes,Yes,7,46.5,82.8
STU1893,Lucas Thomas,19.2,97.5,4.8,5.4,Medium,No,No,5,48.1,75.9
STU1894,Liam Ramirez,12.8,82.8,9.1,20.9,Medium,Yes,No,10,83.4,86.8
STU1895,Sebastian Gonzalez,20.1,90.8,8.8,5.0,Medium,Yes,Yes,2,85.0,100.0
STU1896,James Moore,3.5,99.0,9.3,6.8,Medium,No,No,5,63.6,72.9
STU1897,Amelia Martin,17.3,77.6,9.3,23.2,Medium,No,Yes,7,67.0,81.2
STU1898,Harper Taylor,12.8,92.7,5.1,30.7,High,Yes,No,8,81.2,82.5
STU1899,Logan Wilson,19.3,97.3,6.1,33.2,Medium,No,Yes,6,83.7,90.1
STU1900,William Wilson,9.7,80.1,4.6,5.2,Medium,No,No,10,85.0,76.5
STU1901,Charlotte Johnson,2.8,88.1,5.9,22.4,Medium,No,Yes,2,93.7,81.2
STU1902,Noah Sanchez,9.9,95.7,6.0,21.9,Low,Yes,No,3,58.0,72.8
STU1903,Daniel Davis,10.5,61.0,7.7,31.8,High,No,No,4,71.5,77.2
STU1904,Liam Sanchez,12.3,91.0,7.1,14.5,Medium,No,Yes,8,82.2,80.0
STU1905,Jack Gonzalez,19.1,96.0,8.6,34.7,Low,No,No,3,56.4,78.4
STU1906,Elijah Johnson,12.2,62.3,9.4,22.7,Medium,No,No,6,76.7,74.6
STU1907,Sebastian Robinson,7.2,68.9,5.3,16.2,High,Yes,No,10,55.9,68.9
STU1908,Jackson Taylor,8.2,81.3,7.5,19.7,Medium,No,No,4,72.5,77.2
STU1909,Daniel Taylor,14.8,71.4,4.6,23.8,Medium,No,Yes,5,85.3,82.5
STU1910,Ava Johnson,7.7,95.6,8.1,7.2,High,No,Yes,6,78.8,81.4
STU1911,Amelia Rodriguez,12.1,64.9,6.9,23.8,High,No,No,7,41.9,61.2
STU1912,Emma Davis,23.3,75.9,7.6,28.4,High,No,Yes,4,68.8,86.3
STU1913,Logan Martin,13.3,81.6,5.8,16.0,Medium,No,No,7,89.7,79.8
STU1914,Sebastian Thomas,13.9,61.3,7.9,17.1,Medium,Yes,No,3,53.6,66.5
STU1915,Sebastian Lee,14.5,87.6,6.8,18.2,Medium,No,Yes,1,62.6,77.6
STU1916,William Miller,13.4,94.0,8.9,10.1,Low,No,No,4,80.8,85.8
STU1917,Jack Lee,24.7,86.7,5.7,26.5,Medium,No,Yes,5,97.7,94.9
STU1918,William Hernandez,16.8,89.1,6.9,20.2,High,No,Yes,7,82.0,85.4
STU1919,Evelyn Moore,8.7,71.3,5.7,31.3,High,No,No,1,87.4,78.3
STU1920,Ethan Smith,8.0,80.5,6.2,30.8,Medium,Yes,Yes,3,60.8,71.4
STU1921,Lucas Lopez,8.3,80.2,6.2,26.8,Medium,No,Yes,9,41.2,59.0
STU1922,Levi Lee,7.8,61.6,6.5,33.1,Low,No,Yes,7,45.0,56.7
STU1923,Noah Gonzalez,23.7,92.9,4.7,19.1,Medium,No,No,10,86.7,92.3
STU1924,Isabella Jones,13.4,61.6,7.4,6.5,Medium,Yes,Yes,10,62.5,71.8
STU1925,Harper Wilson,5.3,80.9,4.5,14.5,Medium,No,Yes,4,72.7,70.2
STU1926,Mia Perez,7.8,89.5,8.5,13.4,Medium,No,Yes,9,94.5,86.0
STU1927,Isabella Lopez,24.5,71.3,9.3,6.6,High,No,No,5,82.3,94.2
STU1928,Charlotte Gonzalez,14.7,70.1,9.3,5.9,Low,No,No,9,69.5,76.6
STU1929,Isabella Gonzalez,4.0,87.8,5.3,28.6,Medium,No,No,6,84.4,74.4
STU1930,Henry Robinson,12.5,93.2,9.4,31.2,Medium,No,No,4,52.1,76.3
STU1931,Sophia Ramirez,9.3,84.9,7.8,28.1,Low,Yes,Yes,3,97.5,86.6
STU1932,William Smith,2.0,75.2,8.6,16.0,Medium,No,No,1,73.3,71.0
STU1933,Mason Anderson,16.6,62.1,5.7,28.9,Low,Yes,Yes,6,91.7,82.3
STU1934,Olivia Anderson,6.5,65.2,9.4,31.0,High,Yes,Yes,2,68.2,73.9
STU1935,William White,16.4,71.5,9.3,23.3,Medium,No,No,2,56.2,71.8
STU1936,Emma Hernandez,16.0,66.2,8.5,28.6,Medium,No,Yes,4,73.2,76.5
STU1937,Elijah Clark,14.3,71.0,6.9,27.4,Medium,No,No,7,46.2,63.5
STU1938,James Brown,5.5,63.3,7.7,19.2,High,No,No,7,66.0,67.3
STU1939,Isabella Garcia,16.3,73.7,5.3,13.0,Medium,No,Yes,9,40.1,63.6
STU1940,Michael Thompson,8.5,95.2,6.1,13.7,Medium,No,Yes,9,65.5,72.7
STU1941,William Miller,14.0,87.8,9.2,10.4,Low,No,No,8,81.0,83.5
STU1942,Harper Jackson,12.6,96.4,6.1,20.0,High,Yes,Yes,7,86.2,91.1
STU1943,Isabella Moore,7.7,60.4,5.7,9.1,Medium,No,Yes,6,57.9,64.4
STU1944,Ava Robinson,2.9,61.1,8.2,14.5,High,No,No,7,78.4,69.7
STU1945,Sophia Sanchez,5.8,87.9,8.4,14.9,Medium,No,Yes,10,96.5,83.2
STU1946,Jacob Garcia,24.8,63.6,5.1,29.8,High,No,Yes,5,42.6,73.8
STU1947,Levi Martin,9.0,91.8,6.2,5.1,High,No,Yes,4,50.3,73.3
STU1948,Henry Smith,9.4,86.4,7.6,19.8,Medium,No,Yes,3,74.5,82.6
STU1949,Michael Thompson,4.4,94.3,6.0,34.1,Low,Yes,No,6,71.3,72.6
STU1950,Henry Rodriguez,14.1,81.8,6.5,14.3,Medium,No,No,2,61.3,76.2
STU1951,Noah Lopez,24.8,78.9,7.3,20.9,Medium,No,Yes,7,68.9,85.3
STU1952,Elijah Jackson,15.7,85.6,7.0,5.5,Medium,No,Yes,10,68.4,78.6
STU1953,Harper Smith,23.0,76.2,5.5,24.5,High,Yes,Yes,3,48.4,79.3
STU1954,James Jones,11.0,80.5,9.1,31.2,Low,No,No,7,46.6,63.3
STU1955,Lucas Sanchez,9.0,88.6,4.8,19.7,Medium,No,No,5,80.9,76.9
STU1956,Jack Ramirez,18.0,97.3,8.1,27.9,Low,No,No,9,96.7,91.8
STU1957,James Anderson,23.5,77.3,7.2,18.4,Medium,No,No,5,70.7,87.6
STU1958,Logan Gonzalez,11.7,86.1,5.8,7.1,Medium,No,No,8,52.3,69.8
STU1959,Jack Lopez,6.3,71.4,6.9,33.6,Medium,Yes,No,6,63.3,68.3
STU1960,William Taylor,21.5,72.3,9.5,6.2,Low,No,Yes,5,88.6,92.0
STU1961,Mia Wilson,10.5,67.4,6.7,10.0,High,No,Yes,7,59.6,71.4
STU1962,Oliver Taylor,4.2,86.4,6.1,27.5,Low,Yes,No,9,51.7,59.1
STU1963,Evelyn Martin,22.4,87.8,6.5,16.2,Medium,No,Yes,9,41.5,75.8
STU1964,Liam Ramirez,5.3,91.9,8.8,19.5,High,No,No,4,42.7,66.6
STU1965,William Jackson,2.4,93.3,5.4,20.5,Medium,Yes,No,4,79.1,76.7
STU1966,Noah Taylor,16.9,67.3,8.3,15.2,High,No,No,8,84.4,82.8
STU1967,Jackson Smith,4.7,97.9,5.6,35.0,Medium,Yes,No,3,52.8,66.4
STU1968,Benjamin Anderson,8.9,90.0,8.5,11.1,High,No,Yes,9,80.2,80.4
STU1969,Ava Lee,21.8,80.4,6.7,16.3,High,No,No,10,64.5,82.8
STU1970,Lucas Ramirez,19.6,63.9,6.3,30.1,Low,Yes,Yes,2,43.8,68.7
STU1971,Oliver Johnson,19.9,72.8,6.3,12.7,Medium,Yes,Yes,5,52.1,76.2
STU1972,Jack Martinez,13.4,62.2,9.3,8.9,Medium,No,No,9,46.4,68.7
STU1973,Henry Anderson,15.0,75.9,8.4,6.2,Medium,Yes,Yes,5,47.7,76.8
STU1974,Jack Thomas,15.5,95.6,9.2,6.6,Medium,No,Yes,8,67.0,83.5
STU1975,Emma Brown,20.7,84.2,9.2,15.2,Low,No,No,9,51.8,75.4
STU1976,Levi Gonzalez,16.9,93.8,6.9,26.8,High,Yes,Yes,5,58.2,88.1
STU1977,Benjamin Wilson,23.4,75.0,4.9,16.6,Medium,No,Yes,3,78.7,82.2
STU1978,Noah Johnson,18.8,70.3,5.4,25.7,High,No,Yes,9,44.0,66.7
STU1979,Sophia Jackson,13.8,83.6,8.4,24.7,Medium,No,No,8,95.8,86.7
STU1980,Evelyn Hernandez,6.1,77.3,8.5,13.8,Medium,No,Yes,10,69.7,67.9
STU1981,Logan Johnson,15.7,73.0,4.6,27.5,Medium,Yes,No,6,53.8,71.7
STU1982,Elijah Lewis,2.7,71.9,7.4,17.6,High,No,Yes,10,68.8,67.3
STU1983,Mason Taylor,23.8,93.0,6.3,32.2,High,No,No,9,51.2,79.0
STU1984,Sophia Hernandez,23.8,97.0,5.3,17.2,High,No,No,5,69.1,91.1
STU1985,Isabella Moore,15.3,86.3,5.5,16.7,High,No,Yes,10,66.9,77.3
STU1986,Daniel Clark,18.9,78.3,7.3,25.8,Medium,Yes,No,8,94.4,92.3
STU1987,Sophia Jones,20.4,62.8,7.9,10.2,Medium,Yes,Yes,3,81.9,88.1
STU1988,Sebastian Miller,15.0,81.3,5.2,22.7,Medium,No,Yes,7,92.6,82.1
STU1989,Jack Sanchez,17.5,98.4,5.8,31.2,High,No,Yes,10,41.9,74.9
STU1990,Charlotte Moore,3.2,86.6,4.9,26.2,Low,Yes,No,1,89.9,79.5
STU1991,Mia Wilson,16.0,70.2,9.1,28.3,Medium,No,Yes,8,96.5,89.0
STU1992,Lucas Rodriguez,9.2,79.6,8.4,10.1,High,Yes,Yes,5,88.1,90.7
STU1993,James Johnson,18.5,90.2,4.9,30.8,High,No,No,9,44.9,70.6
STU1994,Charlotte Garcia,7.2,82.1,6.3,34.0,High,No,Yes,2,64.5,70.5
STU1995,Ava Lopez,5.6,77.7,7.0,16.4,Medium,No,Yes,3,67.0,70.1
STU1996,William Taylor,23.9,91.8,4.7,15.0,Medium,No,Yes,8,40.7,75.1
STU1997,Oliver Anderson,11.4,85.4,4.6,31.9,Medium,No,Yes,3,66.0,72.4
STU1998,Sophia Lopez,22.2,97.1,7.1,27.6,Medium,Yes,No,3,78.8,97.9
STU1999,Michael Sanchez,13.7,76.4,8.8,27.3,High,Yes,No,5,58.6,81.4
